Zone_ID,Week_Label,Week_Sort,Week_Start,Day_Code,AM_Count,PM_Count
1,1/19/26,20260119,2026-01-19,M,0,0
1,1/19/26,20260119,2026-01-19,T,0,0
1,1/19/26,20260119,2026-01-19,W,0,0
1,1/19/26,20260119,2026-01-19,Th,0,0
1,1/19/26,20260119,2026-01-19,F,0,0
1,1/19/26,20260119,2026-01-19,Sa,0,0
1,1/19/26,20260119,2026-01-19,S,0,0
1,1/26/26,20260126,2026-01-26,M,0,0
1,1/26/26,20260126,2026-01-26,T,0,0
1,1/26/26,20260126,2026-01-26,W,0,0
1,1/26/26,20260126,2026-01-26,Th,0,0
1,1/26/26,20260126,2026-01-26,F,0,0
1,1/26/26,20260126,2026-01-26,Sa,0,0
1,1/26/26,20260126,2026-01-26,S,0,0
1,2/9/26,20260209,2026-02-09,M,0,0
1,2/9/26,20260209,2026-02-09,T,0,0
1,2/9/26,20260209,2026-02-09,W,0,0
1,2/9/26,20260209,2026-02-09,Th,0,0
1,2/9/26,20260209,2026-02-09,F,0,0
1,2/9/26,20260209,2026-02-09,Sa,0,0
1,2/9/26,20260209,2026-02-09,S,0,0
1,2/9/26,20260209,2026-02-09,M,0,0
1,2/9/26,20260209,2026-02-09,T,0,0
1,2/9/26,20260209,2026-02-09,W,0,0
1,2/9/26,20260209,2026-02-09,Th,0,0
1,2/9/26,20260209,2026-02-09,F,0,0
1,2/9/26,20260209,2026-02-09,Sa,0,0
1,2/9/26,20260209,2026-02-09,S,0,0
1,2/16/26,20260216,2026-02-16,M,0,0
1,2/16/26,20260216,2026-02-16,T,0,0
1,2/16/26,20260216,2026-02-16,W,0,0
1,2/16/26,20260216,2026-02-16,Th,0,0
1,2/16/26,20260216,2026-02-16,F,0,0
1,2/16/26,20260216,2026-02-16,Sa,0,0
1,2/16/26,20260216,2026-02-16,S,0,0
1,2/23/26,20260223,2026-02-23,M,0,0
1,2/23/26,20260223,2026-02-23,T,0,0
1,2/23/26,20260223,2026-02-23,W,0,0
1,2/23/26,20260223,2026-02-23,Th,0,0
1,2/23/26,20260223,2026-02-23,F,0,0
1,2/23/26,20260223,2026-02-23,Sa,0,0
1,2/23/26,20260223,2026-02-23,S,0,0
1,3/2/26,20260302,2026-03-02,M,0,0
1,3/2/26,20260302,2026-03-02,T,0,0
1,3/2/26,20260302,2026-03-02,W,0,0
1,3/2/26,20260302,2026-03-02,Th,0,0
1,3/2/26,20260302,2026-03-02,F,0,0
1,3/2/26,20260302,2026-03-02,Sa,0,0
1,3/2/26,20260302,2026-03-02,S,0,0
1,3/9/26,20260309,2026-03-09,M,0,0
1,3/9/26,20260309,2026-03-09,T,0,0
1,3/9/26,20260309,2026-03-09,W,0,0
1,3/9/26,20260309,2026-03-09,Th,0,0
1,3/9/26,20260309,2026-03-09,F,0,0
1,3/9/26,20260309,2026-03-09,Sa,0,0
1,3/9/26,20260309,2026-03-09,S,0,0
1,3/16/26,20260316,2026-03-16,M,0,0
1,3/16/26,20260316,2026-03-16,T,0,0
1,3/16/26,20260316,2026-03-16,W,0,0
1,3/16/26,20260316,2026-03-16,Th,0,0
1,3/16/26,20260316,2026-03-16,F,0,0
1,3/16/26,20260316,2026-03-16,Sa,0,0
1,3/16/26,20260316,2026-03-16,S,0,0
1,3/23/26,20260323,2026-03-23,M,0,0
1,3/23/26,20260323,2026-03-23,T,0,0
1,3/23/26,20260323,2026-03-23,W,0,0
1,3/23/26,20260323,2026-03-23,Th,0,0
1,3/23/26,20260323,2026-03-23,F,0,0
1,3/23/26,20260323,2026-03-23,Sa,0,0
1,3/23/26,20260323,2026-03-23,S,0,0
1,3/30/26,20260330,2026-03-30,M,0,0
1,3/30/26,20260330,2026-03-30,T,0,0
1,3/30/26,20260330,2026-03-30,W,0,0
1,3/30/26,20260330,2026-03-30,Th,0,0
1,3/30/26,20260330,2026-03-30,F,0,0
1,3/30/26,20260330,2026-03-30,Sa,0,0
1,3/30/26,20260330,2026-03-30,S,0,0
1,4/6/26,20260406,2026-04-06,M,0,0
1,4/6/26,20260406,2026-04-06,T,0,0
1,4/6/26,20260406,2026-04-06,W,0,0
1,4/6/26,20260406,2026-04-06,Th,0,0
1,4/6/26,20260406,2026-04-06,F,0,0
1,4/6/26,20260406,2026-04-06,Sa,0,0
1,4/6/26,20260406,2026-04-06,S,0,0
1,4/13/26,20260413,2026-04-13,M,0,0
1,4/13/26,20260413,2026-04-13,T,0,0
1,4/13/26,20260413,2026-04-13,W,0,0
1,4/13/26,20260413,2026-04-13,Th,0,0
1,4/13/26,20260413,2026-04-13,F,0,0
1,4/13/26,20260413,2026-04-13,Sa,0,0
1,4/13/26,20260413,2026-04-13,S,0,0
1,4/20/26,20260420,2026-04-20,M,0,0
1,4/20/26,20260420,2026-04-20,T,0,0
1,4/20/26,20260420,2026-04-20,W,0,0
1,4/20/26,20260420,2026-04-20,Th,0,0
1,4/20/26,20260420,2026-04-20,F,0,0
1,4/20/26,20260420,2026-04-20,Sa,0,0
1,4/20/26,20260420,2026-04-20,S,0,0
1,4/27/26,20260427,2026-04-27,M,0,0
1,4/27/26,20260427,2026-04-27,T,0,0
1,4/27/26,20260427,2026-04-27,W,0,0
1,4/27/26,20260427,2026-04-27,Th,0,0
1,4/27/26,20260427,2026-04-27,F,0,0
1,4/27/26,20260427,2026-04-27,Sa,0,0
1,4/27/26,20260427,2026-04-27,S,0,0
1,5/4/26,20260504,2026-05-04,M,0,0
1,5/4/26,20260504,2026-05-04,T,0,0
1,5/4/26,20260504,2026-05-04,W,0,0
1,5/4/26,20260504,2026-05-04,Th,0,0
1,5/4/26,20260504,2026-05-04,F,0,0
1,5/4/26,20260504,2026-05-04,Sa,0,0
1,5/4/26,20260504,2026-05-04,S,0,0
1,5/11/26,20260511,2026-05-11,M,0,0
1,5/11/26,20260511,2026-05-11,T,0,0
1,5/11/26,20260511,2026-05-11,W,0,0
1,5/11/26,20260511,2026-05-11,Th,0,0
1,5/11/26,20260511,2026-05-11,F,0,0
1,5/11/26,20260511,2026-05-11,Sa,0,0
1,5/11/26,20260511,2026-05-11,S,0,0
1,5/18/26,20260518,2026-05-18,M,0,0
1,5/18/26,20260518,2026-05-18,T,0,0
1,5/18/26,20260518,2026-05-18,W,0,0
1,5/18/26,20260518,2026-05-18,Th,0,0
1,5/18/26,20260518,2026-05-18,F,0,0
1,5/18/26,20260518,2026-05-18,Sa,0,0
1,5/18/26,20260518,2026-05-18,S,0,0
1,5/25/26,20260525,2026-05-25,M,0,0
1,5/25/26,20260525,2026-05-25,T,0,0
1,5/25/26,20260525,2026-05-25,W,0,0
1,5/25/26,20260525,2026-05-25,Th,0,0
1,5/25/26,20260525,2026-05-25,F,0,0
1,5/25/26,20260525,2026-05-25,Sa,0,0
1,5/25/26,20260525,2026-05-25,S,0,0
1,6/1/26,20260601,2026-06-01,M,0,0
1,6/1/26,20260601,2026-06-01,T,0,0
1,6/1/26,20260601,2026-06-01,W,0,0
1,6/1/26,20260601,2026-06-01,Th,0,0
1,6/1/26,20260601,2026-06-01,F,0,0
1,6/1/26,20260601,2026-06-01,Sa,0,0
1,6/1/26,20260601,2026-06-01,S,0,0
1,6/8/26,20260608,2026-06-08,M,0,0
1,6/8/26,20260608,2026-06-08,T,0,0
1,6/8/26,20260608,2026-06-08,W,0,0
1,6/8/26,20260608,2026-06-08,Th,0,0
1,6/8/26,20260608,2026-06-08,F,0,0
1,6/8/26,20260608,2026-06-08,Sa,0,0
1,6/8/26,20260608,2026-06-08,S,0,0
1,6/15/26,20260615,2026-06-15,M,0,0
1,6/15/26,20260615,2026-06-15,T,0,0
1,6/15/26,20260615,2026-06-15,W,0,0
1,6/15/26,20260615,2026-06-15,Th,0,0
1,6/15/26,20260615,2026-06-15,F,0,0
1,6/15/26,20260615,2026-06-15,Sa,0,0
1,6/15/26,20260615,2026-06-15,S,0,0
1,6/22/26,20260622,2026-06-22,M,0,0
1,6/22/26,20260622,2026-06-22,T,0,0
1,6/22/26,20260622,2026-06-22,W,0,0
1,6/22/26,20260622,2026-06-22,Th,0,0
1,6/22/26,20260622,2026-06-22,F,0,0
1,6/22/26,20260622,2026-06-22,Sa,0,0
1,6/22/26,20260622,2026-06-22,S,0,0
1,6/29/26,20260629,2026-06-29,M,0,0
1,6/29/26,20260629,2026-06-29,T,0,0
1,6/29/26,20260629,2026-06-29,W,0,0
1,6/29/26,20260629,2026-06-29,Th,0,0
1,6/29/26,20260629,2026-06-29,F,0,0
1,6/29/26,20260629,2026-06-29,Sa,0,0
1,6/29/26,20260629,2026-06-29,S,0,0
1,7/6/26,20260706,2026-07-06,M,0,0
1,7/6/26,20260706,2026-07-06,T,0,0
1,7/6/26,20260706,2026-07-06,W,0,0
1,7/6/26,20260706,2026-07-06,Th,0,0
1,7/6/26,20260706,2026-07-06,F,0,0
1,7/6/26,20260706,2026-07-06,Sa,0,0
1,7/6/26,20260706,2026-07-06,S,0,0
1,7/13/26,20260713,2026-07-13,M,0,0
1,7/13/26,20260713,2026-07-13,T,0,0
1,7/13/26,20260713,2026-07-13,W,0,0
1,7/13/26,20260713,2026-07-13,Th,0,0
1,7/13/26,20260713,2026-07-13,F,0,0
1,7/13/26,20260713,2026-07-13,Sa,0,0
1,7/13/26,20260713,2026-07-13,S,0,0
1,7/20/26,20260720,2026-07-20,M,0,0
1,7/20/26,20260720,2026-07-20,T,0,0
1,7/20/26,20260720,2026-07-20,W,0,0
1,7/20/26,20260720,2026-07-20,Th,0,0
1,7/20/26,20260720,2026-07-20,F,0,0
1,7/20/26,20260720,2026-07-20,Sa,0,0
1,7/20/26,20260720,2026-07-20,S,0,0
2,1/19/26,20260119,2026-01-19,M,0,0
2,1/19/26,20260119,2026-01-19,T,0,0
2,1/19/26,20260119,2026-01-19,W,0,0
2,1/19/26,20260119,2026-01-19,Th,0,0
2,1/19/26,20260119,2026-01-19,F,0,0
2,1/19/26,20260119,2026-01-19,Sa,0,0
2,1/19/26,20260119,2026-01-19,S,0,0
2,1/26/26,20260126,2026-01-26,M,0,0
2,1/26/26,20260126,2026-01-26,T,0,0
2,1/26/26,20260126,2026-01-26,W,1,0
2,1/26/26,20260126,2026-01-26,Th,0,0
2,1/26/26,20260126,2026-01-26,F,0,0
2,1/26/26,20260126,2026-01-26,Sa,0,0
2,1/26/26,20260126,2026-01-26,S,0,0
2,2/9/26,20260209,2026-02-09,M,0,0
2,2/9/26,20260209,2026-02-09,T,0,0
2,2/9/26,20260209,2026-02-09,W,1,0
2,2/9/26,20260209,2026-02-09,Th,0,0
2,2/9/26,20260209,2026-02-09,F,0,0
2,2/9/26,20260209,2026-02-09,Sa,0,0
2,2/9/26,20260209,2026-02-09,S,0,0
2,2/9/26,20260209,2026-02-09,M,0,0
2,2/9/26,20260209,2026-02-09,T,0,0
2,2/9/26,20260209,2026-02-09,W,1,0
2,2/9/26,20260209,2026-02-09,Th,0,0
2,2/9/26,20260209,2026-02-09,F,0,0
2,2/9/26,20260209,2026-02-09,Sa,0,0
2,2/9/26,20260209,2026-02-09,S,0,0
2,2/16/26,20260216,2026-02-16,M,0,0
2,2/16/26,20260216,2026-02-16,T,0,0
2,2/16/26,20260216,2026-02-16,W,1,0
2,2/16/26,20260216,2026-02-16,Th,0,0
2,2/16/26,20260216,2026-02-16,F,0,0
2,2/16/26,20260216,2026-02-16,Sa,0,0
2,2/16/26,20260216,2026-02-16,S,0,0
2,2/23/26,20260223,2026-02-23,M,0,0
2,2/23/26,20260223,2026-02-23,T,0,0
2,2/23/26,20260223,2026-02-23,W,0,0
2,2/23/26,20260223,2026-02-23,Th,1,0
2,2/23/26,20260223,2026-02-23,F,0,0
2,2/23/26,20260223,2026-02-23,Sa,0,0
2,2/23/26,20260223,2026-02-23,S,0,0
2,3/2/26,20260302,2026-03-02,M,0,0
2,3/2/26,20260302,2026-03-02,T,0,0
2,3/2/26,20260302,2026-03-02,W,0,0
2,3/2/26,20260302,2026-03-02,Th,0,0
2,3/2/26,20260302,2026-03-02,F,1,0
2,3/2/26,20260302,2026-03-02,Sa,0,0
2,3/2/26,20260302,2026-03-02,S,0,0
2,3/9/26,20260309,2026-03-09,M,0,0
2,3/9/26,20260309,2026-03-09,T,0,0
2,3/9/26,20260309,2026-03-09,W,1,0
2,3/9/26,20260309,2026-03-09,Th,0,0
2,3/9/26,20260309,2026-03-09,F,0,0
2,3/9/26,20260309,2026-03-09,Sa,0,0
2,3/9/26,20260309,2026-03-09,S,0,0
2,3/16/26,20260316,2026-03-16,M,0,0
2,3/16/26,20260316,2026-03-16,T,0,0
2,3/16/26,20260316,2026-03-16,W,0,0
2,3/16/26,20260316,2026-03-16,Th,0,0
2,3/16/26,20260316,2026-03-16,F,0,0
2,3/16/26,20260316,2026-03-16,Sa,0,0
2,3/16/26,20260316,2026-03-16,S,0,0
2,3/23/26,20260323,2026-03-23,M,0,0
2,3/23/26,20260323,2026-03-23,T,0,0
2,3/23/26,20260323,2026-03-23,W,1,0
2,3/23/26,20260323,2026-03-23,Th,1,0
2,3/23/26,20260323,2026-03-23,F,0,0
2,3/23/26,20260323,2026-03-23,Sa,0,0
2,3/23/26,20260323,2026-03-23,S,0,0
2,3/30/26,20260330,2026-03-30,M,0,0
2,3/30/26,20260330,2026-03-30,T,0,0
2,3/30/26,20260330,2026-03-30,W,0,0
2,3/30/26,20260330,2026-03-30,Th,0,0
2,3/30/26,20260330,2026-03-30,F,0,0
2,3/30/26,20260330,2026-03-30,Sa,0,0
2,3/30/26,20260330,2026-03-30,S,0,0
2,4/6/26,20260406,2026-04-06,M,0,0
2,4/6/26,20260406,2026-04-06,T,0,0
2,4/6/26,20260406,2026-04-06,W,0,0
2,4/6/26,20260406,2026-04-06,Th,0,0
2,4/6/26,20260406,2026-04-06,F,0,0
2,4/6/26,20260406,2026-04-06,Sa,0,0
2,4/6/26,20260406,2026-04-06,S,0,0
2,4/13/26,20260413,2026-04-13,M,0,0
2,4/13/26,20260413,2026-04-13,T,0,0
2,4/13/26,20260413,2026-04-13,W,1,0
2,4/13/26,20260413,2026-04-13,Th,0,0
2,4/13/26,20260413,2026-04-13,F,0,0
2,4/13/26,20260413,2026-04-13,Sa,0,0
2,4/13/26,20260413,2026-04-13,S,0,0
2,4/20/26,20260420,2026-04-20,M,0,0
2,4/20/26,20260420,2026-04-20,T,0,0
2,4/20/26,20260420,2026-04-20,W,0,0
2,4/20/26,20260420,2026-04-20,Th,0,0
2,4/20/26,20260420,2026-04-20,F,0,0
2,4/20/26,20260420,2026-04-20,Sa,0,0
2,4/20/26,20260420,2026-04-20,S,0,0
2,4/27/26,20260427,2026-04-27,M,0,0
2,4/27/26,20260427,2026-04-27,T,1,0
2,4/27/26,20260427,2026-04-27,W,0,0
2,4/27/26,20260427,2026-04-27,Th,0,0
2,4/27/26,20260427,2026-04-27,F,0,0
2,4/27/26,20260427,2026-04-27,Sa,0,0
2,4/27/26,20260427,2026-04-27,S,0,0
2,5/4/26,20260504,2026-05-04,M,1,0
2,5/4/26,20260504,2026-05-04,T,0,0
2,5/4/26,20260504,2026-05-04,W,1,0
2,5/4/26,20260504,2026-05-04,Th,0,0
2,5/4/26,20260504,2026-05-04,F,0,0
2,5/4/26,20260504,2026-05-04,Sa,0,0
2,5/4/26,20260504,2026-05-04,S,0,0
2,5/11/26,20260511,2026-05-11,M,0,0
2,5/11/26,20260511,2026-05-11,T,0,0
2,5/11/26,20260511,2026-05-11,W,1,0
2,5/11/26,20260511,2026-05-11,Th,0,0
2,5/11/26,20260511,2026-05-11,F,0,0
2,5/11/26,20260511,2026-05-11,Sa,0,0
2,5/11/26,20260511,2026-05-11,S,0,0
2,5/18/26,20260518,2026-05-18,M,0,0
2,5/18/26,20260518,2026-05-18,T,0,0
2,5/18/26,20260518,2026-05-18,W,0,0
2,5/18/26,20260518,2026-05-18,Th,0,0
2,5/18/26,20260518,2026-05-18,F,0,0
2,5/18/26,20260518,2026-05-18,Sa,0,0
2,5/18/26,20260518,2026-05-18,S,0,0
2,5/25/26,20260525,2026-05-25,M,0,0
2,5/25/26,20260525,2026-05-25,T,0,0
2,5/25/26,20260525,2026-05-25,W,0,0
2,5/25/26,20260525,2026-05-25,Th,0,0
2,5/25/26,20260525,2026-05-25,F,0,0
2,5/25/26,20260525,2026-05-25,Sa,0,0
2,5/25/26,20260525,2026-05-25,S,0,0
2,6/1/26,20260601,2026-06-01,M,0,0
2,6/1/26,20260601,2026-06-01,T,0,0
2,6/1/26,20260601,2026-06-01,W,0,0
2,6/1/26,20260601,2026-06-01,Th,0,0
2,6/1/26,20260601,2026-06-01,F,0,0
2,6/1/26,20260601,2026-06-01,Sa,0,0
2,6/1/26,20260601,2026-06-01,S,0,0
2,6/8/26,20260608,2026-06-08,M,0,0
2,6/8/26,20260608,2026-06-08,T,0,0
2,6/8/26,20260608,2026-06-08,W,0,0
2,6/8/26,20260608,2026-06-08,Th,0,0
2,6/8/26,20260608,2026-06-08,F,0,0
2,6/8/26,20260608,2026-06-08,Sa,0,0
2,6/8/26,20260608,2026-06-08,S,0,0
2,6/15/26,20260615,2026-06-15,M,0,0
2,6/15/26,20260615,2026-06-15,T,0,0
2,6/15/26,20260615,2026-06-15,W,1,0
2,6/15/26,20260615,2026-06-15,Th,0,0
2,6/15/26,20260615,2026-06-15,F,0,0
2,6/15/26,20260615,2026-06-15,Sa,0,1
2,6/15/26,20260615,2026-06-15,S,1,0
2,6/22/26,20260622,2026-06-22,M,0,0
2,6/22/26,20260622,2026-06-22,T,0,0
2,6/22/26,20260622,2026-06-22,W,0,0
2,6/22/26,20260622,2026-06-22,Th,0,0
2,6/22/26,20260622,2026-06-22,F,0,1
2,6/22/26,20260622,2026-06-22,Sa,0,0
2,6/22/26,20260622,2026-06-22,S,0,0
2,6/29/26,20260629,2026-06-29,M,0,1
2,6/29/26,20260629,2026-06-29,T,0,0
2,6/29/26,20260629,2026-06-29,W,0,0
2,6/29/26,20260629,2026-06-29,Th,1,1
2,6/29/26,20260629,2026-06-29,F,0,0
2,6/29/26,20260629,2026-06-29,Sa,0,0
2,6/29/26,20260629,2026-06-29,S,0,0
2,7/6/26,20260706,2026-07-06,M,0,0
2,7/6/26,20260706,2026-07-06,T,0,0
2,7/6/26,20260706,2026-07-06,W,0,0
2,7/6/26,20260706,2026-07-06,Th,1,0
2,7/6/26,20260706,2026-07-06,F,0,0
2,7/6/26,20260706,2026-07-06,Sa,0,0
2,7/6/26,20260706,2026-07-06,S,0,0
2,7/13/26,20260713,2026-07-13,M,0,0
2,7/13/26,20260713,2026-07-13,T,0,0
2,7/13/26,20260713,2026-07-13,W,0,0
2,7/13/26,20260713,2026-07-13,Th,0,0
2,7/13/26,20260713,2026-07-13,F,0,0
2,7/13/26,20260713,2026-07-13,Sa,0,0
2,7/13/26,20260713,2026-07-13,S,0,0
2,7/20/26,20260720,2026-07-20,M,0,1
2,7/20/26,20260720,2026-07-20,T,0,0
2,7/20/26,20260720,2026-07-20,W,0,0
2,7/20/26,20260720,2026-07-20,Th,0,1
2,7/20/26,20260720,2026-07-20,F,0,1
2,7/20/26,20260720,2026-07-20,Sa,0,0
2,7/20/26,20260720,2026-07-20,S,0,0
3,1/19/26,20260119,2026-01-19,M,0,0
3,1/19/26,20260119,2026-01-19,T,0,0
3,1/19/26,20260119,2026-01-19,W,0,0
3,1/19/26,20260119,2026-01-19,Th,0,0
3,1/19/26,20260119,2026-01-19,F,0,0
3,1/19/26,20260119,2026-01-19,Sa,0,0
3,1/19/26,20260119,2026-01-19,S,0,0
3,1/26/26,20260126,2026-01-26,M,0,0
3,1/26/26,20260126,2026-01-26,T,0,0
3,1/26/26,20260126,2026-01-26,W,0,0
3,1/26/26,20260126,2026-01-26,Th,0,0
3,1/26/26,20260126,2026-01-26,F,0,0
3,1/26/26,20260126,2026-01-26,Sa,0,0
3,1/26/26,20260126,2026-01-26,S,0,0
3,2/9/26,20260209,2026-02-09,M,0,0
3,2/9/26,20260209,2026-02-09,T,0,0
3,2/9/26,20260209,2026-02-09,W,0,0
3,2/9/26,20260209,2026-02-09,Th,0,0
3,2/9/26,20260209,2026-02-09,F,0,0
3,2/9/26,20260209,2026-02-09,Sa,0,0
3,2/9/26,20260209,2026-02-09,S,0,0
3,2/9/26,20260209,2026-02-09,M,0,0
3,2/9/26,20260209,2026-02-09,T,0,0
3,2/9/26,20260209,2026-02-09,W,0,0
3,2/9/26,20260209,2026-02-09,Th,0,0
3,2/9/26,20260209,2026-02-09,F,0,0
3,2/9/26,20260209,2026-02-09,Sa,0,0
3,2/9/26,20260209,2026-02-09,S,0,0
3,2/16/26,20260216,2026-02-16,M,0,0
3,2/16/26,20260216,2026-02-16,T,0,0
3,2/16/26,20260216,2026-02-16,W,0,0
3,2/16/26,20260216,2026-02-16,Th,0,0
3,2/16/26,20260216,2026-02-16,F,0,0
3,2/16/26,20260216,2026-02-16,Sa,0,0
3,2/16/26,20260216,2026-02-16,S,0,0
3,2/23/26,20260223,2026-02-23,M,0,0
3,2/23/26,20260223,2026-02-23,T,0,0
3,2/23/26,20260223,2026-02-23,W,0,0
3,2/23/26,20260223,2026-02-23,Th,0,0
3,2/23/26,20260223,2026-02-23,F,0,0
3,2/23/26,20260223,2026-02-23,Sa,0,0
3,2/23/26,20260223,2026-02-23,S,0,0
3,3/2/26,20260302,2026-03-02,M,0,0
3,3/2/26,20260302,2026-03-02,T,0,0
3,3/2/26,20260302,2026-03-02,W,0,0
3,3/2/26,20260302,2026-03-02,Th,0,0
3,3/2/26,20260302,2026-03-02,F,0,0
3,3/2/26,20260302,2026-03-02,Sa,0,0
3,3/2/26,20260302,2026-03-02,S,0,0
3,3/9/26,20260309,2026-03-09,M,0,0
3,3/9/26,20260309,2026-03-09,T,0,0
3,3/9/26,20260309,2026-03-09,W,0,0
3,3/9/26,20260309,2026-03-09,Th,0,0
3,3/9/26,20260309,2026-03-09,F,0,0
3,3/9/26,20260309,2026-03-09,Sa,0,0
3,3/9/26,20260309,2026-03-09,S,0,0
3,3/16/26,20260316,2026-03-16,M,0,0
3,3/16/26,20260316,2026-03-16,T,0,0
3,3/16/26,20260316,2026-03-16,W,0,0
3,3/16/26,20260316,2026-03-16,Th,0,0
3,3/16/26,20260316,2026-03-16,F,0,0
3,3/16/26,20260316,2026-03-16,Sa,0,0
3,3/16/26,20260316,2026-03-16,S,0,0
3,3/23/26,20260323,2026-03-23,M,0,0
3,3/23/26,20260323,2026-03-23,T,0,0
3,3/23/26,20260323,2026-03-23,W,0,0
3,3/23/26,20260323,2026-03-23,Th,0,0
3,3/23/26,20260323,2026-03-23,F,0,0
3,3/23/26,20260323,2026-03-23,Sa,0,0
3,3/23/26,20260323,2026-03-23,S,0,0
3,3/30/26,20260330,2026-03-30,M,0,0
3,3/30/26,20260330,2026-03-30,T,0,0
3,3/30/26,20260330,2026-03-30,W,0,0
3,3/30/26,20260330,2026-03-30,Th,0,0
3,3/30/26,20260330,2026-03-30,F,0,0
3,3/30/26,20260330,2026-03-30,Sa,0,0
3,3/30/26,20260330,2026-03-30,S,0,0
3,4/6/26,20260406,2026-04-06,M,0,0
3,4/6/26,20260406,2026-04-06,T,0,0
3,4/6/26,20260406,2026-04-06,W,0,0
3,4/6/26,20260406,2026-04-06,Th,0,0
3,4/6/26,20260406,2026-04-06,F,0,0
3,4/6/26,20260406,2026-04-06,Sa,0,0
3,4/6/26,20260406,2026-04-06,S,0,0
3,4/13/26,20260413,2026-04-13,M,0,0
3,4/13/26,20260413,2026-04-13,T,0,0
3,4/13/26,20260413,2026-04-13,W,1,0
3,4/13/26,20260413,2026-04-13,Th,0,0
3,4/13/26,20260413,2026-04-13,F,0,0
3,4/13/26,20260413,2026-04-13,Sa,0,0
3,4/13/26,20260413,2026-04-13,S,0,0
3,4/20/26,20260420,2026-04-20,M,0,0
3,4/20/26,20260420,2026-04-20,T,0,0
3,4/20/26,20260420,2026-04-20,W,0,0
3,4/20/26,20260420,2026-04-20,Th,0,0
3,4/20/26,20260420,2026-04-20,F,0,0
3,4/20/26,20260420,2026-04-20,Sa,0,0
3,4/20/26,20260420,2026-04-20,S,0,0
3,4/27/26,20260427,2026-04-27,M,0,0
3,4/27/26,20260427,2026-04-27,T,1,0
3,4/27/26,20260427,2026-04-27,W,0,0
3,4/27/26,20260427,2026-04-27,Th,0,0
3,4/27/26,20260427,2026-04-27,F,0,0
3,4/27/26,20260427,2026-04-27,Sa,0,0
3,4/27/26,20260427,2026-04-27,S,0,0
3,5/4/26,20260504,2026-05-04,M,1,0
3,5/4/26,20260504,2026-05-04,T,0,0
3,5/4/26,20260504,2026-05-04,W,0,0
3,5/4/26,20260504,2026-05-04,Th,0,0
3,5/4/26,20260504,2026-05-04,F,0,0
3,5/4/26,20260504,2026-05-04,Sa,0,0
3,5/4/26,20260504,2026-05-04,S,0,0
3,5/11/26,20260511,2026-05-11,M,0,0
3,5/11/26,20260511,2026-05-11,T,0,0
3,5/11/26,20260511,2026-05-11,W,1,0
3,5/11/26,20260511,2026-05-11,Th,0,0
3,5/11/26,20260511,2026-05-11,F,0,0
3,5/11/26,20260511,2026-05-11,Sa,0,0
3,5/11/26,20260511,2026-05-11,S,0,0
3,5/18/26,20260518,2026-05-18,M,0,0
3,5/18/26,20260518,2026-05-18,T,0,0
3,5/18/26,20260518,2026-05-18,W,0,0
3,5/18/26,20260518,2026-05-18,Th,0,0
3,5/18/26,20260518,2026-05-18,F,0,0
3,5/18/26,20260518,2026-05-18,Sa,0,0
3,5/18/26,20260518,2026-05-18,S,0,0
3,5/25/26,20260525,2026-05-25,M,0,0
3,5/25/26,20260525,2026-05-25,T,0,0
3,5/25/26,20260525,2026-05-25,W,0,0
3,5/25/26,20260525,2026-05-25,Th,0,0
3,5/25/26,20260525,2026-05-25,F,0,0
3,5/25/26,20260525,2026-05-25,Sa,0,0
3,5/25/26,20260525,2026-05-25,S,0,0
3,6/1/26,20260601,2026-06-01,M,0,0
3,6/1/26,20260601,2026-06-01,T,0,0
3,6/1/26,20260601,2026-06-01,W,0,0
3,6/1/26,20260601,2026-06-01,Th,0,0
3,6/1/26,20260601,2026-06-01,F,0,0
3,6/1/26,20260601,2026-06-01,Sa,0,0
3,6/1/26,20260601,2026-06-01,S,0,0
3,6/8/26,20260608,2026-06-08,M,0,0
3,6/8/26,20260608,2026-06-08,T,0,0
3,6/8/26,20260608,2026-06-08,W,0,0
3,6/8/26,20260608,2026-06-08,Th,0,0
3,6/8/26,20260608,2026-06-08,F,0,0
3,6/8/26,20260608,2026-06-08,Sa,0,0
3,6/8/26,20260608,2026-06-08,S,0,0
3,6/15/26,20260615,2026-06-15,M,0,0
3,6/15/26,20260615,2026-06-15,T,0,0
3,6/15/26,20260615,2026-06-15,W,0,0
3,6/15/26,20260615,2026-06-15,Th,0,0
3,6/15/26,20260615,2026-06-15,F,0,0
3,6/15/26,20260615,2026-06-15,Sa,0,0
3,6/15/26,20260615,2026-06-15,S,0,0
3,6/22/26,20260622,2026-06-22,M,0,0
3,6/22/26,20260622,2026-06-22,T,0,0
3,6/22/26,20260622,2026-06-22,W,0,0
3,6/22/26,20260622,2026-06-22,Th,0,0
3,6/22/26,20260622,2026-06-22,F,0,0
3,6/22/26,20260622,2026-06-22,Sa,0,0
3,6/22/26,20260622,2026-06-22,S,0,0
3,6/29/26,20260629,2026-06-29,M,0,0
3,6/29/26,20260629,2026-06-29,T,0,0
3,6/29/26,20260629,2026-06-29,W,0,0
3,6/29/26,20260629,2026-06-29,Th,1,0
3,6/29/26,20260629,2026-06-29,F,0,0
3,6/29/26,20260629,2026-06-29,Sa,0,0
3,6/29/26,20260629,2026-06-29,S,0,0
3,7/6/26,20260706,2026-07-06,M,0,0
3,7/6/26,20260706,2026-07-06,T,0,0
3,7/6/26,20260706,2026-07-06,W,0,0
3,7/6/26,20260706,2026-07-06,Th,1,0
3,7/6/26,20260706,2026-07-06,F,0,0
3,7/6/26,20260706,2026-07-06,Sa,0,0
3,7/6/26,20260706,2026-07-06,S,0,0
3,7/13/26,20260713,2026-07-13,M,0,0
3,7/13/26,20260713,2026-07-13,T,0,0
3,7/13/26,20260713,2026-07-13,W,0,0
3,7/13/26,20260713,2026-07-13,Th,0,0
3,7/13/26,20260713,2026-07-13,F,0,0
3,7/13/26,20260713,2026-07-13,Sa,0,0
3,7/13/26,20260713,2026-07-13,S,0,0
3,7/20/26,20260720,2026-07-20,M,0,0
3,7/20/26,20260720,2026-07-20,T,0,0
3,7/20/26,20260720,2026-07-20,W,0,0
3,7/20/26,20260720,2026-07-20,Th,0,0
3,7/20/26,20260720,2026-07-20,F,0,0
3,7/20/26,20260720,2026-07-20,Sa,0,0
3,7/20/26,20260720,2026-07-20,S,0,0
4,1/19/26,20260119,2026-01-19,M,0,0
4,1/19/26,20260119,2026-01-19,T,0,0
4,1/19/26,20260119,2026-01-19,W,0,0
4,1/19/26,20260119,2026-01-19,Th,0,0
4,1/19/26,20260119,2026-01-19,F,0,0
4,1/19/26,20260119,2026-01-19,Sa,0,0
4,1/19/26,20260119,2026-01-19,S,0,0
4,1/26/26,20260126,2026-01-26,M,0,0
4,1/26/26,20260126,2026-01-26,T,0,0
4,1/26/26,20260126,2026-01-26,W,0,0
4,1/26/26,20260126,2026-01-26,Th,0,0
4,1/26/26,20260126,2026-01-26,F,0,0
4,1/26/26,20260126,2026-01-26,Sa,0,0
4,1/26/26,20260126,2026-01-26,S,0,0
4,2/9/26,20260209,2026-02-09,M,0,0
4,2/9/26,20260209,2026-02-09,T,0,0
4,2/9/26,20260209,2026-02-09,W,0,0
4,2/9/26,20260209,2026-02-09,Th,0,0
4,2/9/26,20260209,2026-02-09,F,0,0
4,2/9/26,20260209,2026-02-09,Sa,0,0
4,2/9/26,20260209,2026-02-09,S,0,0
4,2/9/26,20260209,2026-02-09,M,0,0
4,2/9/26,20260209,2026-02-09,T,0,0
4,2/9/26,20260209,2026-02-09,W,0,0
4,2/9/26,20260209,2026-02-09,Th,0,0
4,2/9/26,20260209,2026-02-09,F,0,0
4,2/9/26,20260209,2026-02-09,Sa,0,0
4,2/9/26,20260209,2026-02-09,S,0,0
4,2/16/26,20260216,2026-02-16,M,0,0
4,2/16/26,20260216,2026-02-16,T,0,0
4,2/16/26,20260216,2026-02-16,W,0,0
4,2/16/26,20260216,2026-02-16,Th,0,0
4,2/16/26,20260216,2026-02-16,F,0,0
4,2/16/26,20260216,2026-02-16,Sa,0,0
4,2/16/26,20260216,2026-02-16,S,0,0
4,2/23/26,20260223,2026-02-23,M,0,0
4,2/23/26,20260223,2026-02-23,T,0,0
4,2/23/26,20260223,2026-02-23,W,0,0
4,2/23/26,20260223,2026-02-23,Th,0,0
4,2/23/26,20260223,2026-02-23,F,0,0
4,2/23/26,20260223,2026-02-23,Sa,0,0
4,2/23/26,20260223,2026-02-23,S,0,0
4,3/2/26,20260302,2026-03-02,M,0,0
4,3/2/26,20260302,2026-03-02,T,0,0
4,3/2/26,20260302,2026-03-02,W,0,0
4,3/2/26,20260302,2026-03-02,Th,0,0
4,3/2/26,20260302,2026-03-02,F,0,0
4,3/2/26,20260302,2026-03-02,Sa,0,0
4,3/2/26,20260302,2026-03-02,S,0,0
4,3/9/26,20260309,2026-03-09,M,0,0
4,3/9/26,20260309,2026-03-09,T,0,0
4,3/9/26,20260309,2026-03-09,W,0,0
4,3/9/26,20260309,2026-03-09,Th,0,0
4,3/9/26,20260309,2026-03-09,F,0,0
4,3/9/26,20260309,2026-03-09,Sa,0,0
4,3/9/26,20260309,2026-03-09,S,0,0
4,3/16/26,20260316,2026-03-16,M,0,0
4,3/16/26,20260316,2026-03-16,T,0,0
4,3/16/26,20260316,2026-03-16,W,0,0
4,3/16/26,20260316,2026-03-16,Th,0,0
4,3/16/26,20260316,2026-03-16,F,0,0
4,3/16/26,20260316,2026-03-16,Sa,0,0
4,3/16/26,20260316,2026-03-16,S,0,0
4,3/23/26,20260323,2026-03-23,M,0,0
4,3/23/26,20260323,2026-03-23,T,0,0
4,3/23/26,20260323,2026-03-23,W,0,0
4,3/23/26,20260323,2026-03-23,Th,0,0
4,3/23/26,20260323,2026-03-23,F,0,0
4,3/23/26,20260323,2026-03-23,Sa,0,0
4,3/23/26,20260323,2026-03-23,S,0,0
4,3/30/26,20260330,2026-03-30,M,0,0
4,3/30/26,20260330,2026-03-30,T,0,0
4,3/30/26,20260330,2026-03-30,W,0,0
4,3/30/26,20260330,2026-03-30,Th,0,0
4,3/30/26,20260330,2026-03-30,F,0,0
4,3/30/26,20260330,2026-03-30,Sa,0,0
4,3/30/26,20260330,2026-03-30,S,0,0
4,4/6/26,20260406,2026-04-06,M,0,0
4,4/6/26,20260406,2026-04-06,T,0,0
4,4/6/26,20260406,2026-04-06,W,0,0
4,4/6/26,20260406,2026-04-06,Th,0,0
4,4/6/26,20260406,2026-04-06,F,0,0
4,4/6/26,20260406,2026-04-06,Sa,0,0
4,4/6/26,20260406,2026-04-06,S,0,0
4,4/13/26,20260413,2026-04-13,M,0,0
4,4/13/26,20260413,2026-04-13,T,0,0
4,4/13/26,20260413,2026-04-13,W,0,0
4,4/13/26,20260413,2026-04-13,Th,0,0
4,4/13/26,20260413,2026-04-13,F,0,0
4,4/13/26,20260413,2026-04-13,Sa,0,0
4,4/13/26,20260413,2026-04-13,S,0,0
4,4/20/26,20260420,2026-04-20,M,0,0
4,4/20/26,20260420,2026-04-20,T,0,0
4,4/20/26,20260420,2026-04-20,W,0,0
4,4/20/26,20260420,2026-04-20,Th,0,0
4,4/20/26,20260420,2026-04-20,F,0,0
4,4/20/26,20260420,2026-04-20,Sa,0,0
4,4/20/26,20260420,2026-04-20,S,0,0
4,4/27/26,20260427,2026-04-27,M,0,0
4,4/27/26,20260427,2026-04-27,T,0,0
4,4/27/26,20260427,2026-04-27,W,0,0
4,4/27/26,20260427,2026-04-27,Th,0,0
4,4/27/26,20260427,2026-04-27,F,0,0
4,4/27/26,20260427,2026-04-27,Sa,0,0
4,4/27/26,20260427,2026-04-27,S,0,0
4,5/4/26,20260504,2026-05-04,M,0,0
4,5/4/26,20260504,2026-05-04,T,0,0
4,5/4/26,20260504,2026-05-04,W,0,0
4,5/4/26,20260504,2026-05-04,Th,0,0
4,5/4/26,20260504,2026-05-04,F,0,0
4,5/4/26,20260504,2026-05-04,Sa,0,0
4,5/4/26,20260504,2026-05-04,S,0,0
4,5/11/26,20260511,2026-05-11,M,0,0
4,5/11/26,20260511,2026-05-11,T,0,0
4,5/11/26,20260511,2026-05-11,W,0,0
4,5/11/26,20260511,2026-05-11,Th,0,0
4,5/11/26,20260511,2026-05-11,F,0,0
4,5/11/26,20260511,2026-05-11,Sa,0,0
4,5/11/26,20260511,2026-05-11,S,0,0
4,5/18/26,20260518,2026-05-18,M,0,0
4,5/18/26,20260518,2026-05-18,T,0,0
4,5/18/26,20260518,2026-05-18,W,0,0
4,5/18/26,20260518,2026-05-18,Th,0,0
4,5/18/26,20260518,2026-05-18,F,0,0
4,5/18/26,20260518,2026-05-18,Sa,0,0
4,5/18/26,20260518,2026-05-18,S,0,0
4,5/25/26,20260525,2026-05-25,M,0,0
4,5/25/26,20260525,2026-05-25,T,0,0
4,5/25/26,20260525,2026-05-25,W,0,0
4,5/25/26,20260525,2026-05-25,Th,0,0
4,5/25/26,20260525,2026-05-25,F,0,0
4,5/25/26,20260525,2026-05-25,Sa,0,0
4,5/25/26,20260525,2026-05-25,S,0,0
4,6/1/26,20260601,2026-06-01,M,0,0
4,6/1/26,20260601,2026-06-01,T,0,0
4,6/1/26,20260601,2026-06-01,W,0,0
4,6/1/26,20260601,2026-06-01,Th,0,0
4,6/1/26,20260601,2026-06-01,F,0,0
4,6/1/26,20260601,2026-06-01,Sa,0,0
4,6/1/26,20260601,2026-06-01,S,0,0
4,6/8/26,20260608,2026-06-08,M,0,0
4,6/8/26,20260608,2026-06-08,T,0,0
4,6/8/26,20260608,2026-06-08,W,0,0
4,6/8/26,20260608,2026-06-08,Th,0,0
4,6/8/26,20260608,2026-06-08,F,0,0
4,6/8/26,20260608,2026-06-08,Sa,0,0
4,6/8/26,20260608,2026-06-08,S,0,0
4,6/15/26,20260615,2026-06-15,M,0,0
4,6/15/26,20260615,2026-06-15,T,0,0
4,6/15/26,20260615,2026-06-15,W,0,0
4,6/15/26,20260615,2026-06-15,Th,0,0
4,6/15/26,20260615,2026-06-15,F,0,0
4,6/15/26,20260615,2026-06-15,Sa,0,0
4,6/15/26,20260615,2026-06-15,S,0,0
4,6/22/26,20260622,2026-06-22,M,0,0
4,6/22/26,20260622,2026-06-22,T,0,0
4,6/22/26,20260622,2026-06-22,W,0,0
4,6/22/26,20260622,2026-06-22,Th,0,0
4,6/22/26,20260622,2026-06-22,F,0,0
4,6/22/26,20260622,2026-06-22,Sa,0,0
4,6/22/26,20260622,2026-06-22,S,0,0
4,6/29/26,20260629,2026-06-29,M,0,0
4,6/29/26,20260629,2026-06-29,T,0,0
4,6/29/26,20260629,2026-06-29,W,0,0
4,6/29/26,20260629,2026-06-29,Th,0,0
4,6/29/26,20260629,2026-06-29,F,0,0
4,6/29/26,20260629,2026-06-29,Sa,0,0
4,6/29/26,20260629,2026-06-29,S,0,0
4,7/6/26,20260706,2026-07-06,M,0,0
4,7/6/26,20260706,2026-07-06,T,0,0
4,7/6/26,20260706,2026-07-06,W,0,0
4,7/6/26,20260706,2026-07-06,Th,0,0
4,7/6/26,20260706,2026-07-06,F,0,0
4,7/6/26,20260706,2026-07-06,Sa,0,0
4,7/6/26,20260706,2026-07-06,S,0,0
4,7/13/26,20260713,2026-07-13,M,0,0
4,7/13/26,20260713,2026-07-13,T,0,0
4,7/13/26,20260713,2026-07-13,W,0,0
4,7/13/26,20260713,2026-07-13,Th,0,0
4,7/13/26,20260713,2026-07-13,F,0,0
4,7/13/26,20260713,2026-07-13,Sa,0,0
4,7/13/26,20260713,2026-07-13,S,0,0
4,7/20/26,20260720,2026-07-20,M,0,0
4,7/20/26,20260720,2026-07-20,T,0,0
4,7/20/26,20260720,2026-07-20,W,0,0
4,7/20/26,20260720,2026-07-20,Th,0,0
4,7/20/26,20260720,2026-07-20,F,0,0
4,7/20/26,20260720,2026-07-20,Sa,0,0
4,7/20/26,20260720,2026-07-20,S,0,0
5,1/19/26,20260119,2026-01-19,M,0,0
5,1/19/26,20260119,2026-01-19,T,0,0
5,1/19/26,20260119,2026-01-19,W,0,0
5,1/19/26,20260119,2026-01-19,Th,0,0
5,1/19/26,20260119,2026-01-19,F,0,0
5,1/19/26,20260119,2026-01-19,Sa,0,0
5,1/19/26,20260119,2026-01-19,S,0,0
5,1/26/26,20260126,2026-01-26,M,0,0
5,1/26/26,20260126,2026-01-26,T,0,0
5,1/26/26,20260126,2026-01-26,W,1,0
5,1/26/26,20260126,2026-01-26,Th,0,0
5,1/26/26,20260126,2026-01-26,F,0,0
5,1/26/26,20260126,2026-01-26,Sa,0,0
5,1/26/26,20260126,2026-01-26,S,0,0
5,2/9/26,20260209,2026-02-09,M,0,0
5,2/9/26,20260209,2026-02-09,T,0,0
5,2/9/26,20260209,2026-02-09,W,1,0
5,2/9/26,20260209,2026-02-09,Th,0,0
5,2/9/26,20260209,2026-02-09,F,0,0
5,2/9/26,20260209,2026-02-09,Sa,0,0
5,2/9/26,20260209,2026-02-09,S,0,0
5,2/9/26,20260209,2026-02-09,M,0,0
5,2/9/26,20260209,2026-02-09,T,0,0
5,2/9/26,20260209,2026-02-09,W,1,0
5,2/9/26,20260209,2026-02-09,Th,0,0
5,2/9/26,20260209,2026-02-09,F,0,0
5,2/9/26,20260209,2026-02-09,Sa,0,0
5,2/9/26,20260209,2026-02-09,S,0,0
5,2/16/26,20260216,2026-02-16,M,0,0
5,2/16/26,20260216,2026-02-16,T,0,0
5,2/16/26,20260216,2026-02-16,W,0,0
5,2/16/26,20260216,2026-02-16,Th,0,0
5,2/16/26,20260216,2026-02-16,F,0,0
5,2/16/26,20260216,2026-02-16,Sa,0,0
5,2/16/26,20260216,2026-02-16,S,0,0
5,2/23/26,20260223,2026-02-23,M,0,0
5,2/23/26,20260223,2026-02-23,T,0,0
5,2/23/26,20260223,2026-02-23,W,0,0
5,2/23/26,20260223,2026-02-23,Th,1,0
5,2/23/26,20260223,2026-02-23,F,0,0
5,2/23/26,20260223,2026-02-23,Sa,0,0
5,2/23/26,20260223,2026-02-23,S,0,0
5,3/2/26,20260302,2026-03-02,M,0,0
5,3/2/26,20260302,2026-03-02,T,0,0
5,3/2/26,20260302,2026-03-02,W,0,0
5,3/2/26,20260302,2026-03-02,Th,0,0
5,3/2/26,20260302,2026-03-02,F,1,0
5,3/2/26,20260302,2026-03-02,Sa,0,0
5,3/2/26,20260302,2026-03-02,S,0,0
5,3/9/26,20260309,2026-03-09,M,0,0
5,3/9/26,20260309,2026-03-09,T,0,0
5,3/9/26,20260309,2026-03-09,W,1,0
5,3/9/26,20260309,2026-03-09,Th,0,0
5,3/9/26,20260309,2026-03-09,F,0,0
5,3/9/26,20260309,2026-03-09,Sa,0,0
5,3/9/26,20260309,2026-03-09,S,0,0
5,3/16/26,20260316,2026-03-16,M,0,0
5,3/16/26,20260316,2026-03-16,T,0,0
5,3/16/26,20260316,2026-03-16,W,0,0
5,3/16/26,20260316,2026-03-16,Th,0,0
5,3/16/26,20260316,2026-03-16,F,0,0
5,3/16/26,20260316,2026-03-16,Sa,0,0
5,3/16/26,20260316,2026-03-16,S,0,0
5,3/23/26,20260323,2026-03-23,M,0,0
5,3/23/26,20260323,2026-03-23,T,0,0
5,3/23/26,20260323,2026-03-23,W,1,0
5,3/23/26,20260323,2026-03-23,Th,1,0
5,3/23/26,20260323,2026-03-23,F,0,0
5,3/23/26,20260323,2026-03-23,Sa,0,0
5,3/23/26,20260323,2026-03-23,S,0,0
5,3/30/26,20260330,2026-03-30,M,0,0
5,3/30/26,20260330,2026-03-30,T,0,0
5,3/30/26,20260330,2026-03-30,W,0,0
5,3/30/26,20260330,2026-03-30,Th,0,0
5,3/30/26,20260330,2026-03-30,F,0,0
5,3/30/26,20260330,2026-03-30,Sa,0,0
5,3/30/26,20260330,2026-03-30,S,0,0
5,4/6/26,20260406,2026-04-06,M,0,0
5,4/6/26,20260406,2026-04-06,T,0,0
5,4/6/26,20260406,2026-04-06,W,0,0
5,4/6/26,20260406,2026-04-06,Th,0,0
5,4/6/26,20260406,2026-04-06,F,0,0
5,4/6/26,20260406,2026-04-06,Sa,0,0
5,4/6/26,20260406,2026-04-06,S,0,0
5,4/13/26,20260413,2026-04-13,M,0,0
5,4/13/26,20260413,2026-04-13,T,0,0
5,4/13/26,20260413,2026-04-13,W,1,0
5,4/13/26,20260413,2026-04-13,Th,0,0
5,4/13/26,20260413,2026-04-13,F,0,0
5,4/13/26,20260413,2026-04-13,Sa,0,0
5,4/13/26,20260413,2026-04-13,S,0,0
5,4/20/26,20260420,2026-04-20,M,0,0
5,4/20/26,20260420,2026-04-20,T,0,0
5,4/20/26,20260420,2026-04-20,W,0,0
5,4/20/26,20260420,2026-04-20,Th,0,0
5,4/20/26,20260420,2026-04-20,F,0,0
5,4/20/26,20260420,2026-04-20,Sa,0,0
5,4/20/26,20260420,2026-04-20,S,0,0
5,4/27/26,20260427,2026-04-27,M,0,0
5,4/27/26,20260427,2026-04-27,T,1,0
5,4/27/26,20260427,2026-04-27,W,0,0
5,4/27/26,20260427,2026-04-27,Th,0,0
5,4/27/26,20260427,2026-04-27,F,0,0
5,4/27/26,20260427,2026-04-27,Sa,0,0
5,4/27/26,20260427,2026-04-27,S,0,0
5,5/4/26,20260504,2026-05-04,M,1,0
5,5/4/26,20260504,2026-05-04,T,0,0
5,5/4/26,20260504,2026-05-04,W,0,0
5,5/4/26,20260504,2026-05-04,Th,0,0
5,5/4/26,20260504,2026-05-04,F,0,0
5,5/4/26,20260504,2026-05-04,Sa,0,0
5,5/4/26,20260504,2026-05-04,S,0,0
5,5/11/26,20260511,2026-05-11,M,0,0
5,5/11/26,20260511,2026-05-11,T,0,0
5,5/11/26,20260511,2026-05-11,W,0,0
5,5/11/26,20260511,2026-05-11,Th,0,0
5,5/11/26,20260511,2026-05-11,F,0,0
5,5/11/26,20260511,2026-05-11,Sa,0,0
5,5/11/26,20260511,2026-05-11,S,0,0
5,5/18/26,20260518,2026-05-18,M,0,0
5,5/18/26,20260518,2026-05-18,T,0,0
5,5/18/26,20260518,2026-05-18,W,0,0
5,5/18/26,20260518,2026-05-18,Th,0,0
5,5/18/26,20260518,2026-05-18,F,0,0
5,5/18/26,20260518,2026-05-18,Sa,0,0
5,5/18/26,20260518,2026-05-18,S,0,0
5,5/25/26,20260525,2026-05-25,M,0,0
5,5/25/26,20260525,2026-05-25,T,0,0
5,5/25/26,20260525,2026-05-25,W,0,0
5,5/25/26,20260525,2026-05-25,Th,0,0
5,5/25/26,20260525,2026-05-25,F,0,0
5,5/25/26,20260525,2026-05-25,Sa,0,0
5,5/25/26,20260525,2026-05-25,S,0,0
5,6/1/26,20260601,2026-06-01,M,0,0
5,6/1/26,20260601,2026-06-01,T,1,0
5,6/1/26,20260601,2026-06-01,W,0,0
5,6/1/26,20260601,2026-06-01,Th,0,0
5,6/1/26,20260601,2026-06-01,F,0,0
5,6/1/26,20260601,2026-06-01,Sa,0,0
5,6/1/26,20260601,2026-06-01,S,0,0
5,6/8/26,20260608,2026-06-08,M,0,0
5,6/8/26,20260608,2026-06-08,T,0,0
5,6/8/26,20260608,2026-06-08,W,0,0
5,6/8/26,20260608,2026-06-08,Th,0,0
5,6/8/26,20260608,2026-06-08,F,0,0
5,6/8/26,20260608,2026-06-08,Sa,0,0
5,6/8/26,20260608,2026-06-08,S,0,0
5,6/15/26,20260615,2026-06-15,M,0,0
5,6/15/26,20260615,2026-06-15,T,0,0
5,6/15/26,20260615,2026-06-15,W,0,0
5,6/15/26,20260615,2026-06-15,Th,0,0
5,6/15/26,20260615,2026-06-15,F,0,0
5,6/15/26,20260615,2026-06-15,Sa,0,1
5,6/15/26,20260615,2026-06-15,S,1,0
5,6/22/26,20260622,2026-06-22,M,0,0
5,6/22/26,20260622,2026-06-22,T,0,0
5,6/22/26,20260622,2026-06-22,W,0,0
5,6/22/26,20260622,2026-06-22,Th,0,0
5,6/22/26,20260622,2026-06-22,F,0,1
5,6/22/26,20260622,2026-06-22,Sa,0,0
5,6/22/26,20260622,2026-06-22,S,0,0
5,6/29/26,20260629,2026-06-29,M,0,1
5,6/29/26,20260629,2026-06-29,T,0,0
5,6/29/26,20260629,2026-06-29,W,0,0
5,6/29/26,20260629,2026-06-29,Th,1,1
5,6/29/26,20260629,2026-06-29,F,0,0
5,6/29/26,20260629,2026-06-29,Sa,0,0
5,6/29/26,20260629,2026-06-29,S,0,0
5,7/6/26,20260706,2026-07-06,M,0,0
5,7/6/26,20260706,2026-07-06,T,0,0
5,7/6/26,20260706,2026-07-06,W,0,0
5,7/6/26,20260706,2026-07-06,Th,1,0
5,7/6/26,20260706,2026-07-06,F,0,0
5,7/6/26,20260706,2026-07-06,Sa,0,0
5,7/6/26,20260706,2026-07-06,S,0,0
5,7/13/26,20260713,2026-07-13,M,0,0
5,7/13/26,20260713,2026-07-13,T,0,0
5,7/13/26,20260713,2026-07-13,W,0,0
5,7/13/26,20260713,2026-07-13,Th,0,0
5,7/13/26,20260713,2026-07-13,F,0,0
5,7/13/26,20260713,2026-07-13,Sa,0,0
5,7/13/26,20260713,2026-07-13,S,0,0
5,7/20/26,20260720,2026-07-20,M,0,1
5,7/20/26,20260720,2026-07-20,T,0,0
5,7/20/26,20260720,2026-07-20,W,0,0
5,7/20/26,20260720,2026-07-20,Th,0,1
5,7/20/26,20260720,2026-07-20,F,0,0
5,7/20/26,20260720,2026-07-20,Sa,0,0
5,7/20/26,20260720,2026-07-20,S,0,0
6,1/19/26,20260119,2026-01-19,M,0,0
6,1/19/26,20260119,2026-01-19,T,0,0
6,1/19/26,20260119,2026-01-19,W,0,0
6,1/19/26,20260119,2026-01-19,Th,0,0
6,1/19/26,20260119,2026-01-19,F,0,0
6,1/19/26,20260119,2026-01-19,Sa,0,0
6,1/19/26,20260119,2026-01-19,S,0,0
6,1/26/26,20260126,2026-01-26,M,0,0
6,1/26/26,20260126,2026-01-26,T,0,0
6,1/26/26,20260126,2026-01-26,W,0,0
6,1/26/26,20260126,2026-01-26,Th,0,0
6,1/26/26,20260126,2026-01-26,F,0,0
6,1/26/26,20260126,2026-01-26,Sa,0,0
6,1/26/26,20260126,2026-01-26,S,0,0
6,2/9/26,20260209,2026-02-09,M,0,0
6,2/9/26,20260209,2026-02-09,T,0,0
6,2/9/26,20260209,2026-02-09,W,0,0
6,2/9/26,20260209,2026-02-09,Th,0,0
6,2/9/26,20260209,2026-02-09,F,0,0
6,2/9/26,20260209,2026-02-09,Sa,0,0
6,2/9/26,20260209,2026-02-09,S,0,0
6,2/9/26,20260209,2026-02-09,M,0,0
6,2/9/26,20260209,2026-02-09,T,0,0
6,2/9/26,20260209,2026-02-09,W,0,0
6,2/9/26,20260209,2026-02-09,Th,0,0
6,2/9/26,20260209,2026-02-09,F,0,0
6,2/9/26,20260209,2026-02-09,Sa,0,0
6,2/9/26,20260209,2026-02-09,S,0,0
6,2/16/26,20260216,2026-02-16,M,0,0
6,2/16/26,20260216,2026-02-16,T,0,0
6,2/16/26,20260216,2026-02-16,W,0,0
6,2/16/26,20260216,2026-02-16,Th,0,0
6,2/16/26,20260216,2026-02-16,F,0,0
6,2/16/26,20260216,2026-02-16,Sa,0,0
6,2/16/26,20260216,2026-02-16,S,0,0
6,2/23/26,20260223,2026-02-23,M,0,0
6,2/23/26,20260223,2026-02-23,T,0,0
6,2/23/26,20260223,2026-02-23,W,0,0
6,2/23/26,20260223,2026-02-23,Th,0,0
6,2/23/26,20260223,2026-02-23,F,0,0
6,2/23/26,20260223,2026-02-23,Sa,0,0
6,2/23/26,20260223,2026-02-23,S,0,0
6,3/2/26,20260302,2026-03-02,M,0,0
6,3/2/26,20260302,2026-03-02,T,0,0
6,3/2/26,20260302,2026-03-02,W,0,0
6,3/2/26,20260302,2026-03-02,Th,0,0
6,3/2/26,20260302,2026-03-02,F,0,0
6,3/2/26,20260302,2026-03-02,Sa,0,0
6,3/2/26,20260302,2026-03-02,S,0,0
6,3/9/26,20260309,2026-03-09,M,0,0
6,3/9/26,20260309,2026-03-09,T,0,0
6,3/9/26,20260309,2026-03-09,W,0,0
6,3/9/26,20260309,2026-03-09,Th,0,0
6,3/9/26,20260309,2026-03-09,F,0,0
6,3/9/26,20260309,2026-03-09,Sa,0,0
6,3/9/26,20260309,2026-03-09,S,0,0
6,3/16/26,20260316,2026-03-16,M,0,0
6,3/16/26,20260316,2026-03-16,T,0,0
6,3/16/26,20260316,2026-03-16,W,0,0
6,3/16/26,20260316,2026-03-16,Th,0,0
6,3/16/26,20260316,2026-03-16,F,0,0
6,3/16/26,20260316,2026-03-16,Sa,0,0
6,3/16/26,20260316,2026-03-16,S,0,0
6,3/23/26,20260323,2026-03-23,M,0,0
6,3/23/26,20260323,2026-03-23,T,0,0
6,3/23/26,20260323,2026-03-23,W,0,0
6,3/23/26,20260323,2026-03-23,Th,0,0
6,3/23/26,20260323,2026-03-23,F,0,0
6,3/23/26,20260323,2026-03-23,Sa,0,0
6,3/23/26,20260323,2026-03-23,S,0,0
6,3/30/26,20260330,2026-03-30,M,0,0
6,3/30/26,20260330,2026-03-30,T,0,0
6,3/30/26,20260330,2026-03-30,W,0,0
6,3/30/26,20260330,2026-03-30,Th,0,0
6,3/30/26,20260330,2026-03-30,F,0,0
6,3/30/26,20260330,2026-03-30,Sa,0,0
6,3/30/26,20260330,2026-03-30,S,0,0
6,4/6/26,20260406,2026-04-06,M,0,0
6,4/6/26,20260406,2026-04-06,T,0,0
6,4/6/26,20260406,2026-04-06,W,0,1
6,4/6/26,20260406,2026-04-06,Th,0,0
6,4/6/26,20260406,2026-04-06,F,0,0
6,4/6/26,20260406,2026-04-06,Sa,0,0
6,4/6/26,20260406,2026-04-06,S,0,0
6,4/13/26,20260413,2026-04-13,M,0,0
6,4/13/26,20260413,2026-04-13,T,0,0
6,4/13/26,20260413,2026-04-13,W,0,0
6,4/13/26,20260413,2026-04-13,Th,0,0
6,4/13/26,20260413,2026-04-13,F,0,0
6,4/13/26,20260413,2026-04-13,Sa,0,0
6,4/13/26,20260413,2026-04-13,S,0,0
6,4/20/26,20260420,2026-04-20,M,0,0
6,4/20/26,20260420,2026-04-20,T,0,0
6,4/20/26,20260420,2026-04-20,W,0,0
6,4/20/26,20260420,2026-04-20,Th,0,0
6,4/20/26,20260420,2026-04-20,F,0,0
6,4/20/26,20260420,2026-04-20,Sa,0,0
6,4/20/26,20260420,2026-04-20,S,0,0
6,4/27/26,20260427,2026-04-27,M,0,0
6,4/27/26,20260427,2026-04-27,T,0,0
6,4/27/26,20260427,2026-04-27,W,0,0
6,4/27/26,20260427,2026-04-27,Th,0,1
6,4/27/26,20260427,2026-04-27,F,0,0
6,4/27/26,20260427,2026-04-27,Sa,0,0
6,4/27/26,20260427,2026-04-27,S,0,0
6,5/4/26,20260504,2026-05-04,M,0,0
6,5/4/26,20260504,2026-05-04,T,1,0
6,5/4/26,20260504,2026-05-04,W,0,0
6,5/4/26,20260504,2026-05-04,Th,0,0
6,5/4/26,20260504,2026-05-04,F,0,0
6,5/4/26,20260504,2026-05-04,Sa,0,0
6,5/4/26,20260504,2026-05-04,S,0,0
6,5/11/26,20260511,2026-05-11,M,0,0
6,5/11/26,20260511,2026-05-11,T,0,0
6,5/11/26,20260511,2026-05-11,W,0,0
6,5/11/26,20260511,2026-05-11,Th,0,0
6,5/11/26,20260511,2026-05-11,F,0,0
6,5/11/26,20260511,2026-05-11,Sa,0,0
6,5/11/26,20260511,2026-05-11,S,0,0
6,5/18/26,20260518,2026-05-18,M,0,0
6,5/18/26,20260518,2026-05-18,T,0,0
6,5/18/26,20260518,2026-05-18,W,0,0
6,5/18/26,20260518,2026-05-18,Th,0,0
6,5/18/26,20260518,2026-05-18,F,0,0
6,5/18/26,20260518,2026-05-18,Sa,0,0
6,5/18/26,20260518,2026-05-18,S,0,0
6,5/25/26,20260525,2026-05-25,M,0,0
6,5/25/26,20260525,2026-05-25,T,0,0
6,5/25/26,20260525,2026-05-25,W,0,0
6,5/25/26,20260525,2026-05-25,Th,0,0
6,5/25/26,20260525,2026-05-25,F,0,0
6,5/25/26,20260525,2026-05-25,Sa,0,0
6,5/25/26,20260525,2026-05-25,S,0,0
6,6/1/26,20260601,2026-06-01,M,0,0
6,6/1/26,20260601,2026-06-01,T,0,0
6,6/1/26,20260601,2026-06-01,W,0,0
6,6/1/26,20260601,2026-06-01,Th,0,0
6,6/1/26,20260601,2026-06-01,F,0,0
6,6/1/26,20260601,2026-06-01,Sa,0,0
6,6/1/26,20260601,2026-06-01,S,0,0
6,6/8/26,20260608,2026-06-08,M,0,0
6,6/8/26,20260608,2026-06-08,T,0,0
6,6/8/26,20260608,2026-06-08,W,0,0
6,6/8/26,20260608,2026-06-08,Th,0,0
6,6/8/26,20260608,2026-06-08,F,0,0
6,6/8/26,20260608,2026-06-08,Sa,0,0
6,6/8/26,20260608,2026-06-08,S,0,0
6,6/15/26,20260615,2026-06-15,M,0,0
6,6/15/26,20260615,2026-06-15,T,0,0
6,6/15/26,20260615,2026-06-15,W,0,0
6,6/15/26,20260615,2026-06-15,Th,0,0
6,6/15/26,20260615,2026-06-15,F,0,0
6,6/15/26,20260615,2026-06-15,Sa,0,0
6,6/15/26,20260615,2026-06-15,S,0,0
6,6/22/26,20260622,2026-06-22,M,0,0
6,6/22/26,20260622,2026-06-22,T,0,0
6,6/22/26,20260622,2026-06-22,W,0,0
6,6/22/26,20260622,2026-06-22,Th,0,0
6,6/22/26,20260622,2026-06-22,F,0,0
6,6/22/26,20260622,2026-06-22,Sa,0,0
6,6/22/26,20260622,2026-06-22,S,0,0
6,6/29/26,20260629,2026-06-29,M,0,0
6,6/29/26,20260629,2026-06-29,T,0,0
6,6/29/26,20260629,2026-06-29,W,0,0
6,6/29/26,20260629,2026-06-29,Th,0,0
6,6/29/26,20260629,2026-06-29,F,0,0
6,6/29/26,20260629,2026-06-29,Sa,0,0
6,6/29/26,20260629,2026-06-29,S,0,0
6,7/6/26,20260706,2026-07-06,M,0,0
6,7/6/26,20260706,2026-07-06,T,0,0
6,7/6/26,20260706,2026-07-06,W,0,0
6,7/6/26,20260706,2026-07-06,Th,0,0
6,7/6/26,20260706,2026-07-06,F,0,0
6,7/6/26,20260706,2026-07-06,Sa,0,0
6,7/6/26,20260706,2026-07-06,S,0,0
6,7/13/26,20260713,2026-07-13,M,0,0
6,7/13/26,20260713,2026-07-13,T,0,0
6,7/13/26,20260713,2026-07-13,W,0,0
6,7/13/26,20260713,2026-07-13,Th,0,0
6,7/13/26,20260713,2026-07-13,F,0,0
6,7/13/26,20260713,2026-07-13,Sa,0,0
6,7/13/26,20260713,2026-07-13,S,0,0
6,7/20/26,20260720,2026-07-20,M,0,0
6,7/20/26,20260720,2026-07-20,T,0,0
6,7/20/26,20260720,2026-07-20,W,0,0
6,7/20/26,20260720,2026-07-20,Th,0,0
6,7/20/26,20260720,2026-07-20,F,0,0
6,7/20/26,20260720,2026-07-20,Sa,0,0
6,7/20/26,20260720,2026-07-20,S,0,0
7,1/19/26,20260119,2026-01-19,M,0,0
7,1/19/26,20260119,2026-01-19,T,0,0
7,1/19/26,20260119,2026-01-19,W,0,0
7,1/19/26,20260119,2026-01-19,Th,0,0
7,1/19/26,20260119,2026-01-19,F,0,0
7,1/19/26,20260119,2026-01-19,Sa,0,0
7,1/19/26,20260119,2026-01-19,S,0,0
7,1/26/26,20260126,2026-01-26,M,0,0
7,1/26/26,20260126,2026-01-26,T,0,0
7,1/26/26,20260126,2026-01-26,W,0,0
7,1/26/26,20260126,2026-01-26,Th,0,0
7,1/26/26,20260126,2026-01-26,F,0,0
7,1/26/26,20260126,2026-01-26,Sa,0,0
7,1/26/26,20260126,2026-01-26,S,0,0
7,2/9/26,20260209,2026-02-09,M,0,0
7,2/9/26,20260209,2026-02-09,T,0,0
7,2/9/26,20260209,2026-02-09,W,0,0
7,2/9/26,20260209,2026-02-09,Th,0,0
7,2/9/26,20260209,2026-02-09,F,0,0
7,2/9/26,20260209,2026-02-09,Sa,0,0
7,2/9/26,20260209,2026-02-09,S,0,0
7,2/9/26,20260209,2026-02-09,M,0,0
7,2/9/26,20260209,2026-02-09,T,0,0
7,2/9/26,20260209,2026-02-09,W,0,0
7,2/9/26,20260209,2026-02-09,Th,0,0
7,2/9/26,20260209,2026-02-09,F,0,0
7,2/9/26,20260209,2026-02-09,Sa,0,0
7,2/9/26,20260209,2026-02-09,S,0,0
7,2/16/26,20260216,2026-02-16,M,0,0
7,2/16/26,20260216,2026-02-16,T,0,0
7,2/16/26,20260216,2026-02-16,W,0,0
7,2/16/26,20260216,2026-02-16,Th,0,0
7,2/16/26,20260216,2026-02-16,F,0,0
7,2/16/26,20260216,2026-02-16,Sa,0,0
7,2/16/26,20260216,2026-02-16,S,0,0
7,2/23/26,20260223,2026-02-23,M,0,0
7,2/23/26,20260223,2026-02-23,T,0,0
7,2/23/26,20260223,2026-02-23,W,0,0
7,2/23/26,20260223,2026-02-23,Th,0,0
7,2/23/26,20260223,2026-02-23,F,0,0
7,2/23/26,20260223,2026-02-23,Sa,0,0
7,2/23/26,20260223,2026-02-23,S,0,0
7,3/2/26,20260302,2026-03-02,M,0,0
7,3/2/26,20260302,2026-03-02,T,0,0
7,3/2/26,20260302,2026-03-02,W,0,0
7,3/2/26,20260302,2026-03-02,Th,0,0
7,3/2/26,20260302,2026-03-02,F,0,1
7,3/2/26,20260302,2026-03-02,Sa,0,0
7,3/2/26,20260302,2026-03-02,S,0,0
7,3/9/26,20260309,2026-03-09,M,0,0
7,3/9/26,20260309,2026-03-09,T,0,1
7,3/9/26,20260309,2026-03-09,W,0,1
7,3/9/26,20260309,2026-03-09,Th,0,0
7,3/9/26,20260309,2026-03-09,F,0,0
7,3/9/26,20260309,2026-03-09,Sa,0,0
7,3/9/26,20260309,2026-03-09,S,0,0
7,3/16/26,20260316,2026-03-16,M,1,0
7,3/16/26,20260316,2026-03-16,T,0,0
7,3/16/26,20260316,2026-03-16,W,0,0
7,3/16/26,20260316,2026-03-16,Th,1,0
7,3/16/26,20260316,2026-03-16,F,0,1
7,3/16/26,20260316,2026-03-16,Sa,1,0
7,3/16/26,20260316,2026-03-16,S,0,0
7,3/23/26,20260323,2026-03-23,M,0,0
7,3/23/26,20260323,2026-03-23,T,0,0
7,3/23/26,20260323,2026-03-23,W,1,0
7,3/23/26,20260323,2026-03-23,Th,0,0
7,3/23/26,20260323,2026-03-23,F,0,0
7,3/23/26,20260323,2026-03-23,Sa,0,0
7,3/23/26,20260323,2026-03-23,S,0,0
7,3/30/26,20260330,2026-03-30,M,0,0
7,3/30/26,20260330,2026-03-30,T,0,0
7,3/30/26,20260330,2026-03-30,W,1,0
7,3/30/26,20260330,2026-03-30,Th,1,0
7,3/30/26,20260330,2026-03-30,F,0,0
7,3/30/26,20260330,2026-03-30,Sa,0,0
7,3/30/26,20260330,2026-03-30,S,0,0
7,4/6/26,20260406,2026-04-06,M,1,0
7,4/6/26,20260406,2026-04-06,T,1,0
7,4/6/26,20260406,2026-04-06,W,1,1
7,4/6/26,20260406,2026-04-06,Th,1,0
7,4/6/26,20260406,2026-04-06,F,0,0
7,4/6/26,20260406,2026-04-06,Sa,0,0
7,4/6/26,20260406,2026-04-06,S,0,0
7,4/13/26,20260413,2026-04-13,M,0,0
7,4/13/26,20260413,2026-04-13,T,1,0
7,4/13/26,20260413,2026-04-13,W,1,0
7,4/13/26,20260413,2026-04-13,Th,0,0
7,4/13/26,20260413,2026-04-13,F,0,0
7,4/13/26,20260413,2026-04-13,Sa,1,0
7,4/13/26,20260413,2026-04-13,S,0,0
7,4/20/26,20260420,2026-04-20,M,1,0
7,4/20/26,20260420,2026-04-20,T,1,0
7,4/20/26,20260420,2026-04-20,W,0,0
7,4/20/26,20260420,2026-04-20,Th,0,0
7,4/20/26,20260420,2026-04-20,F,0,0
7,4/20/26,20260420,2026-04-20,Sa,0,0
7,4/20/26,20260420,2026-04-20,S,0,0
7,4/27/26,20260427,2026-04-27,M,0,0
7,4/27/26,20260427,2026-04-27,T,0,0
7,4/27/26,20260427,2026-04-27,W,0,1
7,4/27/26,20260427,2026-04-27,Th,1,1
7,4/27/26,20260427,2026-04-27,F,0,0
7,4/27/26,20260427,2026-04-27,Sa,0,0
7,4/27/26,20260427,2026-04-27,S,0,0
7,5/4/26,20260504,2026-05-04,M,0,0
7,5/4/26,20260504,2026-05-04,T,1,0
7,5/4/26,20260504,2026-05-04,W,1,0
7,5/4/26,20260504,2026-05-04,Th,0,1
7,5/4/26,20260504,2026-05-04,F,1,0
7,5/4/26,20260504,2026-05-04,Sa,1,0
7,5/4/26,20260504,2026-05-04,S,0,0
7,5/11/26,20260511,2026-05-11,M,1,0
7,5/11/26,20260511,2026-05-11,T,0,1
7,5/11/26,20260511,2026-05-11,W,0,1
7,5/11/26,20260511,2026-05-11,Th,0,1
7,5/11/26,20260511,2026-05-11,F,0,0
7,5/11/26,20260511,2026-05-11,Sa,1,0
7,5/11/26,20260511,2026-05-11,S,0,0
7,5/18/26,20260518,2026-05-18,M,0,0
7,5/18/26,20260518,2026-05-18,T,0,1
7,5/18/26,20260518,2026-05-18,W,0,0
7,5/18/26,20260518,2026-05-18,Th,0,1
7,5/18/26,20260518,2026-05-18,F,1,0
7,5/18/26,20260518,2026-05-18,Sa,0,0
7,5/18/26,20260518,2026-05-18,S,0,0
7,5/25/26,20260525,2026-05-25,M,1,0
7,5/25/26,20260525,2026-05-25,T,0,1
7,5/25/26,20260525,2026-05-25,W,0,0
7,5/25/26,20260525,2026-05-25,Th,0,0
7,5/25/26,20260525,2026-05-25,F,0,0
7,5/25/26,20260525,2026-05-25,Sa,1,0
7,5/25/26,20260525,2026-05-25,S,0,0
7,6/1/26,20260601,2026-06-01,M,1,0
7,6/1/26,20260601,2026-06-01,T,1,0
7,6/1/26,20260601,2026-06-01,W,0,0
7,6/1/26,20260601,2026-06-01,Th,0,0
7,6/1/26,20260601,2026-06-01,F,0,0
7,6/1/26,20260601,2026-06-01,Sa,0,0
7,6/1/26,20260601,2026-06-01,S,1,0
7,6/8/26,20260608,2026-06-08,M,1,0
7,6/8/26,20260608,2026-06-08,T,1,0
7,6/8/26,20260608,2026-06-08,W,0,1
7,6/8/26,20260608,2026-06-08,Th,0,0
7,6/8/26,20260608,2026-06-08,F,0,0
7,6/8/26,20260608,2026-06-08,Sa,0,0
7,6/8/26,20260608,2026-06-08,S,1,0
7,6/15/26,20260615,2026-06-15,M,1,0
7,6/15/26,20260615,2026-06-15,T,0,0
7,6/15/26,20260615,2026-06-15,W,0,0
7,6/15/26,20260615,2026-06-15,Th,0,0
7,6/15/26,20260615,2026-06-15,F,1,1
7,6/15/26,20260615,2026-06-15,Sa,0,1
7,6/15/26,20260615,2026-06-15,S,0,0
7,6/22/26,20260622,2026-06-22,M,0,0
7,6/22/26,20260622,2026-06-22,T,0,1
7,6/22/26,20260622,2026-06-22,W,1,0
7,6/22/26,20260622,2026-06-22,Th,1,0
7,6/22/26,20260622,2026-06-22,F,1,0
7,6/22/26,20260622,2026-06-22,Sa,1,0
7,6/22/26,20260622,2026-06-22,S,0,0
7,6/29/26,20260629,2026-06-29,M,1,0
7,6/29/26,20260629,2026-06-29,T,1,0
7,6/29/26,20260629,2026-06-29,W,1,0
7,6/29/26,20260629,2026-06-29,Th,1,1
7,6/29/26,20260629,2026-06-29,F,1,0
7,6/29/26,20260629,2026-06-29,Sa,1,0
7,6/29/26,20260629,2026-06-29,S,1,0
7,7/6/26,20260706,2026-07-06,M,1,0
7,7/6/26,20260706,2026-07-06,T,1,0
7,7/6/26,20260706,2026-07-06,W,1,0
7,7/6/26,20260706,2026-07-06,Th,1,0
7,7/6/26,20260706,2026-07-06,F,1,0
7,7/6/26,20260706,2026-07-06,Sa,1,0
7,7/6/26,20260706,2026-07-06,S,0,0
7,7/13/26,20260713,2026-07-13,M,1,0
7,7/13/26,20260713,2026-07-13,T,1,0
7,7/13/26,20260713,2026-07-13,W,1,0
7,7/13/26,20260713,2026-07-13,Th,0,0
7,7/13/26,20260713,2026-07-13,F,1,0
7,7/13/26,20260713,2026-07-13,Sa,0,0
7,7/13/26,20260713,2026-07-13,S,0,0
7,7/20/26,20260720,2026-07-20,M,1,0
7,7/20/26,20260720,2026-07-20,T,1,0
7,7/20/26,20260720,2026-07-20,W,0,0
7,7/20/26,20260720,2026-07-20,Th,1,0
7,7/20/26,20260720,2026-07-20,F,1,0
7,7/20/26,20260720,2026-07-20,Sa,1,0
7,7/20/26,20260720,2026-07-20,S,1,0
8,1/19/26,20260119,2026-01-19,M,0,0
8,1/19/26,20260119,2026-01-19,T,0,0
8,1/19/26,20260119,2026-01-19,W,0,0
8,1/19/26,20260119,2026-01-19,Th,0,0
8,1/19/26,20260119,2026-01-19,F,0,0
8,1/19/26,20260119,2026-01-19,Sa,0,0
8,1/19/26,20260119,2026-01-19,S,0,0
8,1/26/26,20260126,2026-01-26,M,0,0
8,1/26/26,20260126,2026-01-26,T,0,0
8,1/26/26,20260126,2026-01-26,W,0,0
8,1/26/26,20260126,2026-01-26,Th,0,0
8,1/26/26,20260126,2026-01-26,F,0,0
8,1/26/26,20260126,2026-01-26,Sa,0,0
8,1/26/26,20260126,2026-01-26,S,0,0
8,2/9/26,20260209,2026-02-09,M,0,1
8,2/9/26,20260209,2026-02-09,T,0,1
8,2/9/26,20260209,2026-02-09,W,0,0
8,2/9/26,20260209,2026-02-09,Th,0,1
8,2/9/26,20260209,2026-02-09,F,0,0
8,2/9/26,20260209,2026-02-09,Sa,0,0
8,2/9/26,20260209,2026-02-09,S,0,0
8,2/9/26,20260209,2026-02-09,M,0,1
8,2/9/26,20260209,2026-02-09,T,0,1
8,2/9/26,20260209,2026-02-09,W,0,0
8,2/9/26,20260209,2026-02-09,Th,0,1
8,2/9/26,20260209,2026-02-09,F,0,0
8,2/9/26,20260209,2026-02-09,Sa,0,0
8,2/9/26,20260209,2026-02-09,S,0,0
8,2/16/26,20260216,2026-02-16,M,0,1
8,2/16/26,20260216,2026-02-16,T,0,0
8,2/16/26,20260216,2026-02-16,W,0,0
8,2/16/26,20260216,2026-02-16,Th,0,0
8,2/16/26,20260216,2026-02-16,F,0,0
8,2/16/26,20260216,2026-02-16,Sa,0,0
8,2/16/26,20260216,2026-02-16,S,0,0
8,2/23/26,20260223,2026-02-23,M,0,0
8,2/23/26,20260223,2026-02-23,T,0,0
8,2/23/26,20260223,2026-02-23,W,0,0
8,2/23/26,20260223,2026-02-23,Th,0,1
8,2/23/26,20260223,2026-02-23,F,0,0
8,2/23/26,20260223,2026-02-23,Sa,0,0
8,2/23/26,20260223,2026-02-23,S,0,0
8,3/2/26,20260302,2026-03-02,M,0,0
8,3/2/26,20260302,2026-03-02,T,0,0
8,3/2/26,20260302,2026-03-02,W,0,0
8,3/2/26,20260302,2026-03-02,Th,0,1
8,3/2/26,20260302,2026-03-02,F,0,0
8,3/2/26,20260302,2026-03-02,Sa,0,0
8,3/2/26,20260302,2026-03-02,S,0,1
8,3/9/26,20260309,2026-03-09,M,0,0
8,3/9/26,20260309,2026-03-09,T,0,1
8,3/9/26,20260309,2026-03-09,W,0,0
8,3/9/26,20260309,2026-03-09,Th,0,0
8,3/9/26,20260309,2026-03-09,F,0,0
8,3/9/26,20260309,2026-03-09,Sa,0,0
8,3/9/26,20260309,2026-03-09,S,0,0
8,3/16/26,20260316,2026-03-16,M,0,0
8,3/16/26,20260316,2026-03-16,T,1,0
8,3/16/26,20260316,2026-03-16,W,0,1
8,3/16/26,20260316,2026-03-16,Th,0,1
8,3/16/26,20260316,2026-03-16,F,0,0
8,3/16/26,20260316,2026-03-16,Sa,0,0
8,3/16/26,20260316,2026-03-16,S,0,0
8,3/23/26,20260323,2026-03-23,M,0,0
8,3/23/26,20260323,2026-03-23,T,0,0
8,3/23/26,20260323,2026-03-23,W,0,0
8,3/23/26,20260323,2026-03-23,Th,0,0
8,3/23/26,20260323,2026-03-23,F,0,0
8,3/23/26,20260323,2026-03-23,Sa,0,0
8,3/23/26,20260323,2026-03-23,S,0,0
8,3/30/26,20260330,2026-03-30,M,0,0
8,3/30/26,20260330,2026-03-30,T,0,1
8,3/30/26,20260330,2026-03-30,W,0,0
8,3/30/26,20260330,2026-03-30,Th,0,1
8,3/30/26,20260330,2026-03-30,F,0,0
8,3/30/26,20260330,2026-03-30,Sa,0,0
8,3/30/26,20260330,2026-03-30,S,0,0
8,4/6/26,20260406,2026-04-06,M,0,0
8,4/6/26,20260406,2026-04-06,T,0,0
8,4/6/26,20260406,2026-04-06,W,0,1
8,4/6/26,20260406,2026-04-06,Th,0,0
8,4/6/26,20260406,2026-04-06,F,0,0
8,4/6/26,20260406,2026-04-06,Sa,0,0
8,4/6/26,20260406,2026-04-06,S,0,0
8,4/13/26,20260413,2026-04-13,M,0,0
8,4/13/26,20260413,2026-04-13,T,0,0
8,4/13/26,20260413,2026-04-13,W,0,0
8,4/13/26,20260413,2026-04-13,Th,0,0
8,4/13/26,20260413,2026-04-13,F,0,0
8,4/13/26,20260413,2026-04-13,Sa,0,0
8,4/13/26,20260413,2026-04-13,S,0,0
8,4/20/26,20260420,2026-04-20,M,0,0
8,4/20/26,20260420,2026-04-20,T,0,0
8,4/20/26,20260420,2026-04-20,W,0,0
8,4/20/26,20260420,2026-04-20,Th,0,0
8,4/20/26,20260420,2026-04-20,F,0,0
8,4/20/26,20260420,2026-04-20,Sa,0,0
8,4/20/26,20260420,2026-04-20,S,0,0
8,4/27/26,20260427,2026-04-27,M,0,0
8,4/27/26,20260427,2026-04-27,T,0,1
8,4/27/26,20260427,2026-04-27,W,0,0
8,4/27/26,20260427,2026-04-27,Th,0,1
8,4/27/26,20260427,2026-04-27,F,1,0
8,4/27/26,20260427,2026-04-27,Sa,0,0
8,4/27/26,20260427,2026-04-27,S,0,1
8,5/4/26,20260504,2026-05-04,M,0,0
8,5/4/26,20260504,2026-05-04,T,0,0
8,5/4/26,20260504,2026-05-04,W,0,0
8,5/4/26,20260504,2026-05-04,Th,0,0
8,5/4/26,20260504,2026-05-04,F,0,1
8,5/4/26,20260504,2026-05-04,Sa,0,0
8,5/4/26,20260504,2026-05-04,S,0,0
8,5/11/26,20260511,2026-05-11,M,0,0
8,5/11/26,20260511,2026-05-11,T,0,1
8,5/11/26,20260511,2026-05-11,W,0,1
8,5/11/26,20260511,2026-05-11,Th,0,0
8,5/11/26,20260511,2026-05-11,F,0,0
8,5/11/26,20260511,2026-05-11,Sa,0,0
8,5/11/26,20260511,2026-05-11,S,0,0
8,5/18/26,20260518,2026-05-18,M,0,0
8,5/18/26,20260518,2026-05-18,T,0,0
8,5/18/26,20260518,2026-05-18,W,0,0
8,5/18/26,20260518,2026-05-18,Th,0,1
8,5/18/26,20260518,2026-05-18,F,0,0
8,5/18/26,20260518,2026-05-18,Sa,0,0
8,5/18/26,20260518,2026-05-18,S,0,0
8,5/25/26,20260525,2026-05-25,M,0,0
8,5/25/26,20260525,2026-05-25,T,0,0
8,5/25/26,20260525,2026-05-25,W,0,0
8,5/25/26,20260525,2026-05-25,Th,0,0
8,5/25/26,20260525,2026-05-25,F,0,0
8,5/25/26,20260525,2026-05-25,Sa,0,0
8,5/25/26,20260525,2026-05-25,S,0,0
8,6/1/26,20260601,2026-06-01,M,0,0
8,6/1/26,20260601,2026-06-01,T,0,0
8,6/1/26,20260601,2026-06-01,W,0,0
8,6/1/26,20260601,2026-06-01,Th,0,0
8,6/1/26,20260601,2026-06-01,F,0,0
8,6/1/26,20260601,2026-06-01,Sa,0,0
8,6/1/26,20260601,2026-06-01,S,1,0
8,6/8/26,20260608,2026-06-08,M,0,0
8,6/8/26,20260608,2026-06-08,T,0,0
8,6/8/26,20260608,2026-06-08,W,0,1
8,6/8/26,20260608,2026-06-08,Th,0,1
8,6/8/26,20260608,2026-06-08,F,0,0
8,6/8/26,20260608,2026-06-08,Sa,0,1
8,6/8/26,20260608,2026-06-08,S,0,0
8,6/15/26,20260615,2026-06-15,M,0,0
8,6/15/26,20260615,2026-06-15,T,0,0
8,6/15/26,20260615,2026-06-15,W,0,1
8,6/15/26,20260615,2026-06-15,Th,0,0
8,6/15/26,20260615,2026-06-15,F,0,0
8,6/15/26,20260615,2026-06-15,Sa,0,0
8,6/15/26,20260615,2026-06-15,S,0,0
8,6/22/26,20260622,2026-06-22,M,1,0
8,6/22/26,20260622,2026-06-22,T,0,1
8,6/22/26,20260622,2026-06-22,W,0,0
8,6/22/26,20260622,2026-06-22,Th,0,0
8,6/22/26,20260622,2026-06-22,F,0,0
8,6/22/26,20260622,2026-06-22,Sa,0,0
8,6/22/26,20260622,2026-06-22,S,0,0
8,6/29/26,20260629,2026-06-29,M,0,0
8,6/29/26,20260629,2026-06-29,T,0,1
8,6/29/26,20260629,2026-06-29,W,0,0
8,6/29/26,20260629,2026-06-29,Th,0,0
8,6/29/26,20260629,2026-06-29,F,0,0
8,6/29/26,20260629,2026-06-29,Sa,0,0
8,6/29/26,20260629,2026-06-29,S,0,0
8,7/6/26,20260706,2026-07-06,M,0,0
8,7/6/26,20260706,2026-07-06,T,0,0
8,7/6/26,20260706,2026-07-06,W,0,0
8,7/6/26,20260706,2026-07-06,Th,0,1
8,7/6/26,20260706,2026-07-06,F,0,0
8,7/6/26,20260706,2026-07-06,Sa,0,0
8,7/6/26,20260706,2026-07-06,S,0,0
8,7/13/26,20260713,2026-07-13,M,0,0
8,7/13/26,20260713,2026-07-13,T,1,0
8,7/13/26,20260713,2026-07-13,W,0,0
8,7/13/26,20260713,2026-07-13,Th,0,0
8,7/13/26,20260713,2026-07-13,F,0,0
8,7/13/26,20260713,2026-07-13,Sa,0,0
8,7/13/26,20260713,2026-07-13,S,0,0
8,7/20/26,20260720,2026-07-20,M,0,0
8,7/20/26,20260720,2026-07-20,T,0,0
8,7/20/26,20260720,2026-07-20,W,0,0
8,7/20/26,20260720,2026-07-20,Th,0,0
8,7/20/26,20260720,2026-07-20,F,0,0
8,7/20/26,20260720,2026-07-20,Sa,0,0
8,7/20/26,20260720,2026-07-20,S,0,0
9,1/19/26,20260119,2026-01-19,M,1,0
9,1/19/26,20260119,2026-01-19,T,1,0
9,1/19/26,20260119,2026-01-19,W,1,0
9,1/19/26,20260119,2026-01-19,Th,0,0
9,1/19/26,20260119,2026-01-19,F,1,0
9,1/19/26,20260119,2026-01-19,Sa,1,0
9,1/19/26,20260119,2026-01-19,S,1,0
9,1/26/26,20260126,2026-01-26,M,0,1
9,1/26/26,20260126,2026-01-26,T,1,0
9,1/26/26,20260126,2026-01-26,W,1,1
9,1/26/26,20260126,2026-01-26,Th,1,0
9,1/26/26,20260126,2026-01-26,F,0,0
9,1/26/26,20260126,2026-01-26,Sa,1,0
9,1/26/26,20260126,2026-01-26,S,1,0
9,2/9/26,20260209,2026-02-09,M,1,1
9,2/9/26,20260209,2026-02-09,T,1,1
9,2/9/26,20260209,2026-02-09,W,0,0
9,2/9/26,20260209,2026-02-09,Th,0,1
9,2/9/26,20260209,2026-02-09,F,1,0
9,2/9/26,20260209,2026-02-09,Sa,1,0
9,2/9/26,20260209,2026-02-09,S,0,0
9,2/9/26,20260209,2026-02-09,M,1,1
9,2/9/26,20260209,2026-02-09,T,1,1
9,2/9/26,20260209,2026-02-09,W,0,0
9,2/9/26,20260209,2026-02-09,Th,0,1
9,2/9/26,20260209,2026-02-09,F,1,0
9,2/9/26,20260209,2026-02-09,Sa,1,0
9,2/9/26,20260209,2026-02-09,S,0,0
9,2/16/26,20260216,2026-02-16,M,1,1
9,2/16/26,20260216,2026-02-16,T,1,1
9,2/16/26,20260216,2026-02-16,W,1,0
9,2/16/26,20260216,2026-02-16,Th,1,0
9,2/16/26,20260216,2026-02-16,F,0,1
9,2/16/26,20260216,2026-02-16,Sa,1,0
9,2/16/26,20260216,2026-02-16,S,1,0
9,2/23/26,20260223,2026-02-23,M,1,0
9,2/23/26,20260223,2026-02-23,T,1,0
9,2/23/26,20260223,2026-02-23,W,0,0
9,2/23/26,20260223,2026-02-23,Th,1,1
9,2/23/26,20260223,2026-02-23,F,1,0
9,2/23/26,20260223,2026-02-23,Sa,0,0
9,2/23/26,20260223,2026-02-23,S,1,0
9,3/2/26,20260302,2026-03-02,M,1,1
9,3/2/26,20260302,2026-03-02,T,0,1
9,3/2/26,20260302,2026-03-02,W,1,0
9,3/2/26,20260302,2026-03-02,Th,1,1
9,3/2/26,20260302,2026-03-02,F,1,1
9,3/2/26,20260302,2026-03-02,Sa,1,1
9,3/2/26,20260302,2026-03-02,S,0,0
9,3/9/26,20260309,2026-03-09,M,1,0
9,3/9/26,20260309,2026-03-09,T,1,0
9,3/9/26,20260309,2026-03-09,W,1,1
9,3/9/26,20260309,2026-03-09,Th,0,0
9,3/9/26,20260309,2026-03-09,F,0,0
9,3/9/26,20260309,2026-03-09,Sa,1,0
9,3/9/26,20260309,2026-03-09,S,0,0
9,3/16/26,20260316,2026-03-16,M,0,0
9,3/16/26,20260316,2026-03-16,T,0,0
9,3/16/26,20260316,2026-03-16,W,1,0
9,3/16/26,20260316,2026-03-16,Th,0,1
9,3/16/26,20260316,2026-03-16,F,1,1
9,3/16/26,20260316,2026-03-16,Sa,1,0
9,3/16/26,20260316,2026-03-16,S,0,0
9,3/23/26,20260323,2026-03-23,M,0,0
9,3/23/26,20260323,2026-03-23,T,0,0
9,3/23/26,20260323,2026-03-23,W,1,0
9,3/23/26,20260323,2026-03-23,Th,1,0
9,3/23/26,20260323,2026-03-23,F,0,0
9,3/23/26,20260323,2026-03-23,Sa,0,0
9,3/23/26,20260323,2026-03-23,S,0,0
9,3/30/26,20260330,2026-03-30,M,1,0
9,3/30/26,20260330,2026-03-30,T,0,0
9,3/30/26,20260330,2026-03-30,W,0,0
9,3/30/26,20260330,2026-03-30,Th,0,0
9,3/30/26,20260330,2026-03-30,F,0,0
9,3/30/26,20260330,2026-03-30,Sa,0,0
9,3/30/26,20260330,2026-03-30,S,0,0
9,4/6/26,20260406,2026-04-06,M,1,0
9,4/6/26,20260406,2026-04-06,T,0,0
9,4/6/26,20260406,2026-04-06,W,1,0
9,4/6/26,20260406,2026-04-06,Th,0,0
9,4/6/26,20260406,2026-04-06,F,1,0
9,4/6/26,20260406,2026-04-06,Sa,0,0
9,4/6/26,20260406,2026-04-06,S,0,0
9,4/13/26,20260413,2026-04-13,M,1,0
9,4/13/26,20260413,2026-04-13,T,0,0
9,4/13/26,20260413,2026-04-13,W,1,0
9,4/13/26,20260413,2026-04-13,Th,0,0
9,4/13/26,20260413,2026-04-13,F,1,0
9,4/13/26,20260413,2026-04-13,Sa,0,0
9,4/13/26,20260413,2026-04-13,S,0,0
9,4/20/26,20260420,2026-04-20,M,1,0
9,4/20/26,20260420,2026-04-20,T,0,1
9,4/20/26,20260420,2026-04-20,W,1,0
9,4/20/26,20260420,2026-04-20,Th,0,1
9,4/20/26,20260420,2026-04-20,F,0,0
9,4/20/26,20260420,2026-04-20,Sa,0,0
9,4/20/26,20260420,2026-04-20,S,0,0
9,4/27/26,20260427,2026-04-27,M,0,0
9,4/27/26,20260427,2026-04-27,T,0,0
9,4/27/26,20260427,2026-04-27,W,1,1
9,4/27/26,20260427,2026-04-27,Th,0,1
9,4/27/26,20260427,2026-04-27,F,1,0
9,4/27/26,20260427,2026-04-27,Sa,0,0
9,4/27/26,20260427,2026-04-27,S,0,0
9,5/4/26,20260504,2026-05-04,M,1,0
9,5/4/26,20260504,2026-05-04,T,0,0
9,5/4/26,20260504,2026-05-04,W,1,0
9,5/4/26,20260504,2026-05-04,Th,0,1
9,5/4/26,20260504,2026-05-04,F,1,0
9,5/4/26,20260504,2026-05-04,Sa,0,0
9,5/4/26,20260504,2026-05-04,S,0,0
9,5/11/26,20260511,2026-05-11,M,1,0
9,5/11/26,20260511,2026-05-11,T,0,1
9,5/11/26,20260511,2026-05-11,W,1,1
9,5/11/26,20260511,2026-05-11,Th,0,1
9,5/11/26,20260511,2026-05-11,F,1,0
9,5/11/26,20260511,2026-05-11,Sa,0,0
9,5/11/26,20260511,2026-05-11,S,0,0
9,5/18/26,20260518,2026-05-18,M,1,0
9,5/18/26,20260518,2026-05-18,T,0,0
9,5/18/26,20260518,2026-05-18,W,1,0
9,5/18/26,20260518,2026-05-18,Th,1,1
9,5/18/26,20260518,2026-05-18,F,1,0
9,5/18/26,20260518,2026-05-18,Sa,0,0
9,5/18/26,20260518,2026-05-18,S,0,0
9,5/25/26,20260525,2026-05-25,M,1,0
9,5/25/26,20260525,2026-05-25,T,0,0
9,5/25/26,20260525,2026-05-25,W,1,0
9,5/25/26,20260525,2026-05-25,Th,0,0
9,5/25/26,20260525,2026-05-25,F,0,0
9,5/25/26,20260525,2026-05-25,Sa,0,0
9,5/25/26,20260525,2026-05-25,S,0,0
9,6/1/26,20260601,2026-06-01,M,1,0
9,6/1/26,20260601,2026-06-01,T,0,0
9,6/1/26,20260601,2026-06-01,W,1,0
9,6/1/26,20260601,2026-06-01,Th,0,0
9,6/1/26,20260601,2026-06-01,F,1,0
9,6/1/26,20260601,2026-06-01,Sa,0,0
9,6/1/26,20260601,2026-06-01,S,1,0
9,6/8/26,20260608,2026-06-08,M,1,0
9,6/8/26,20260608,2026-06-08,T,0,0
9,6/8/26,20260608,2026-06-08,W,0,1
9,6/8/26,20260608,2026-06-08,Th,0,0
9,6/8/26,20260608,2026-06-08,F,0,0
9,6/8/26,20260608,2026-06-08,Sa,0,0
9,6/8/26,20260608,2026-06-08,S,0,0
9,6/15/26,20260615,2026-06-15,M,1,0
9,6/15/26,20260615,2026-06-15,T,0,0
9,6/15/26,20260615,2026-06-15,W,1,0
9,6/15/26,20260615,2026-06-15,Th,0,0
9,6/15/26,20260615,2026-06-15,F,1,1
9,6/15/26,20260615,2026-06-15,Sa,0,1
9,6/15/26,20260615,2026-06-15,S,0,0
9,6/22/26,20260622,2026-06-22,M,1,0
9,6/22/26,20260622,2026-06-22,T,0,0
9,6/22/26,20260622,2026-06-22,W,0,0
9,6/22/26,20260622,2026-06-22,Th,0,0
9,6/22/26,20260622,2026-06-22,F,0,0
9,6/22/26,20260622,2026-06-22,Sa,0,0
9,6/22/26,20260622,2026-06-22,S,0,0
9,6/29/26,20260629,2026-06-29,M,1,0
9,6/29/26,20260629,2026-06-29,T,1,0
9,6/29/26,20260629,2026-06-29,W,1,0
9,6/29/26,20260629,2026-06-29,Th,0,1
9,6/29/26,20260629,2026-06-29,F,0,0
9,6/29/26,20260629,2026-06-29,Sa,1,0
9,6/29/26,20260629,2026-06-29,S,1,0
9,7/6/26,20260706,2026-07-06,M,0,0
9,7/6/26,20260706,2026-07-06,T,0,0
9,7/6/26,20260706,2026-07-06,W,0,1
9,7/6/26,20260706,2026-07-06,Th,0,0
9,7/6/26,20260706,2026-07-06,F,0,0
9,7/6/26,20260706,2026-07-06,Sa,1,0
9,7/6/26,20260706,2026-07-06,S,0,0
9,7/13/26,20260713,2026-07-13,M,0,1
9,7/13/26,20260713,2026-07-13,T,1,0
9,7/13/26,20260713,2026-07-13,W,0,0
9,7/13/26,20260713,2026-07-13,Th,0,0
9,7/13/26,20260713,2026-07-13,F,0,0
9,7/13/26,20260713,2026-07-13,Sa,0,0
9,7/13/26,20260713,2026-07-13,S,0,0
9,7/20/26,20260720,2026-07-20,M,1,0
9,7/20/26,20260720,2026-07-20,T,0,0
9,7/20/26,20260720,2026-07-20,W,0,0
9,7/20/26,20260720,2026-07-20,Th,0,0
9,7/20/26,20260720,2026-07-20,F,0,0
9,7/20/26,20260720,2026-07-20,Sa,0,0
9,7/20/26,20260720,2026-07-20,S,0,0
10,1/19/26,20260119,2026-01-19,M,0,0
10,1/19/26,20260119,2026-01-19,T,0,0
10,1/19/26,20260119,2026-01-19,W,0,0
10,1/19/26,20260119,2026-01-19,Th,0,0
10,1/19/26,20260119,2026-01-19,F,0,0
10,1/19/26,20260119,2026-01-19,Sa,0,1
10,1/19/26,20260119,2026-01-19,S,0,0
10,1/26/26,20260126,2026-01-26,M,0,1
10,1/26/26,20260126,2026-01-26,T,0,1
10,1/26/26,20260126,2026-01-26,W,0,1
10,1/26/26,20260126,2026-01-26,Th,0,0
10,1/26/26,20260126,2026-01-26,F,0,0
10,1/26/26,20260126,2026-01-26,Sa,1,0
10,1/26/26,20260126,2026-01-26,S,1,0
10,2/9/26,20260209,2026-02-09,M,0,0
10,2/9/26,20260209,2026-02-09,T,0,1
10,2/9/26,20260209,2026-02-09,W,0,0
10,2/9/26,20260209,2026-02-09,Th,0,1
10,2/9/26,20260209,2026-02-09,F,0,0
10,2/9/26,20260209,2026-02-09,Sa,0,0
10,2/9/26,20260209,2026-02-09,S,0,0
10,2/9/26,20260209,2026-02-09,M,0,0
10,2/9/26,20260209,2026-02-09,T,0,1
10,2/9/26,20260209,2026-02-09,W,0,0
10,2/9/26,20260209,2026-02-09,Th,0,1
10,2/9/26,20260209,2026-02-09,F,0,0
10,2/9/26,20260209,2026-02-09,Sa,0,0
10,2/9/26,20260209,2026-02-09,S,0,0
10,2/16/26,20260216,2026-02-16,M,0,0
10,2/16/26,20260216,2026-02-16,T,0,1
10,2/16/26,20260216,2026-02-16,W,0,0
10,2/16/26,20260216,2026-02-16,Th,0,1
10,2/16/26,20260216,2026-02-16,F,0,0
10,2/16/26,20260216,2026-02-16,Sa,0,0
10,2/16/26,20260216,2026-02-16,S,0,0
10,2/23/26,20260223,2026-02-23,M,0,0
10,2/23/26,20260223,2026-02-23,T,0,0
10,2/23/26,20260223,2026-02-23,W,0,0
10,2/23/26,20260223,2026-02-23,Th,0,0
10,2/23/26,20260223,2026-02-23,F,0,0
10,2/23/26,20260223,2026-02-23,Sa,0,0
10,2/23/26,20260223,2026-02-23,S,0,0
10,3/2/26,20260302,2026-03-02,M,1,0
10,3/2/26,20260302,2026-03-02,T,1,1
10,3/2/26,20260302,2026-03-02,W,0,1
10,3/2/26,20260302,2026-03-02,Th,1,0
10,3/2/26,20260302,2026-03-02,F,0,1
10,3/2/26,20260302,2026-03-02,Sa,0,1
10,3/2/26,20260302,2026-03-02,S,0,0
10,3/9/26,20260309,2026-03-09,M,1,0
10,3/9/26,20260309,2026-03-09,T,0,0
10,3/9/26,20260309,2026-03-09,W,0,0
10,3/9/26,20260309,2026-03-09,Th,0,0
10,3/9/26,20260309,2026-03-09,F,0,0
10,3/9/26,20260309,2026-03-09,Sa,0,0
10,3/9/26,20260309,2026-03-09,S,0,1
10,3/16/26,20260316,2026-03-16,M,1,0
10,3/16/26,20260316,2026-03-16,T,1,0
10,3/16/26,20260316,2026-03-16,W,0,1
10,3/16/26,20260316,2026-03-16,Th,0,0
10,3/16/26,20260316,2026-03-16,F,0,0
10,3/16/26,20260316,2026-03-16,Sa,0,0
10,3/16/26,20260316,2026-03-16,S,0,0
10,3/23/26,20260323,2026-03-23,M,0,0
10,3/23/26,20260323,2026-03-23,T,0,0
10,3/23/26,20260323,2026-03-23,W,1,0
10,3/23/26,20260323,2026-03-23,Th,1,0
10,3/23/26,20260323,2026-03-23,F,0,0
10,3/23/26,20260323,2026-03-23,Sa,0,0
10,3/23/26,20260323,2026-03-23,S,0,0
10,3/30/26,20260330,2026-03-30,M,1,0
10,3/30/26,20260330,2026-03-30,T,0,1
10,3/30/26,20260330,2026-03-30,W,0,0
10,3/30/26,20260330,2026-03-30,Th,0,1
10,3/30/26,20260330,2026-03-30,F,0,1
10,3/30/26,20260330,2026-03-30,Sa,0,0
10,3/30/26,20260330,2026-03-30,S,0,0
10,4/6/26,20260406,2026-04-06,M,1,0
10,4/6/26,20260406,2026-04-06,T,0,0
10,4/6/26,20260406,2026-04-06,W,0,0
10,4/6/26,20260406,2026-04-06,Th,0,0
10,4/6/26,20260406,2026-04-06,F,0,0
10,4/6/26,20260406,2026-04-06,Sa,0,0
10,4/6/26,20260406,2026-04-06,S,0,0
10,4/13/26,20260413,2026-04-13,M,1,0
10,4/13/26,20260413,2026-04-13,T,0,0
10,4/13/26,20260413,2026-04-13,W,1,0
10,4/13/26,20260413,2026-04-13,Th,0,0
10,4/13/26,20260413,2026-04-13,F,1,0
10,4/13/26,20260413,2026-04-13,Sa,0,0
10,4/13/26,20260413,2026-04-13,S,0,0
10,4/20/26,20260420,2026-04-20,M,1,1
10,4/20/26,20260420,2026-04-20,T,0,1
10,4/20/26,20260420,2026-04-20,W,1,0
10,4/20/26,20260420,2026-04-20,Th,0,1
10,4/20/26,20260420,2026-04-20,F,0,0
10,4/20/26,20260420,2026-04-20,Sa,0,0
10,4/20/26,20260420,2026-04-20,S,0,0
10,4/27/26,20260427,2026-04-27,M,0,0
10,4/27/26,20260427,2026-04-27,T,0,1
10,4/27/26,20260427,2026-04-27,W,1,0
10,4/27/26,20260427,2026-04-27,Th,0,0
10,4/27/26,20260427,2026-04-27,F,1,0
10,4/27/26,20260427,2026-04-27,Sa,0,0
10,4/27/26,20260427,2026-04-27,S,0,1
10,5/4/26,20260504,2026-05-04,M,1,0
10,5/4/26,20260504,2026-05-04,T,0,0
10,5/4/26,20260504,2026-05-04,W,1,0
10,5/4/26,20260504,2026-05-04,Th,0,0
10,5/4/26,20260504,2026-05-04,F,1,0
10,5/4/26,20260504,2026-05-04,Sa,0,0
10,5/4/26,20260504,2026-05-04,S,0,0
10,5/11/26,20260511,2026-05-11,M,1,0
10,5/11/26,20260511,2026-05-11,T,0,0
10,5/11/26,20260511,2026-05-11,W,1,1
10,5/11/26,20260511,2026-05-11,Th,0,0
10,5/11/26,20260511,2026-05-11,F,1,0
10,5/11/26,20260511,2026-05-11,Sa,0,0
10,5/11/26,20260511,2026-05-11,S,0,0
10,5/18/26,20260518,2026-05-18,M,1,0
10,5/18/26,20260518,2026-05-18,T,0,0
10,5/18/26,20260518,2026-05-18,W,1,0
10,5/18/26,20260518,2026-05-18,Th,0,1
10,5/18/26,20260518,2026-05-18,F,1,0
10,5/18/26,20260518,2026-05-18,Sa,0,0
10,5/18/26,20260518,2026-05-18,S,0,0
10,5/25/26,20260525,2026-05-25,M,0,0
10,5/25/26,20260525,2026-05-25,T,0,0
10,5/25/26,20260525,2026-05-25,W,0,0
10,5/25/26,20260525,2026-05-25,Th,0,0
10,5/25/26,20260525,2026-05-25,F,0,0
10,5/25/26,20260525,2026-05-25,Sa,0,0
10,5/25/26,20260525,2026-05-25,S,0,0
10,6/1/26,20260601,2026-06-01,M,1,0
10,6/1/26,20260601,2026-06-01,T,0,0
10,6/1/26,20260601,2026-06-01,W,1,0
10,6/1/26,20260601,2026-06-01,Th,0,0
10,6/1/26,20260601,2026-06-01,F,1,0
10,6/1/26,20260601,2026-06-01,Sa,0,0
10,6/1/26,20260601,2026-06-01,S,1,0
10,6/8/26,20260608,2026-06-08,M,1,0
10,6/8/26,20260608,2026-06-08,T,0,0
10,6/8/26,20260608,2026-06-08,W,0,0
10,6/8/26,20260608,2026-06-08,Th,0,1
10,6/8/26,20260608,2026-06-08,F,0,0
10,6/8/26,20260608,2026-06-08,Sa,0,1
10,6/8/26,20260608,2026-06-08,S,0,0
10,6/15/26,20260615,2026-06-15,M,0,0
10,6/15/26,20260615,2026-06-15,T,0,1
10,6/15/26,20260615,2026-06-15,W,1,0
10,6/15/26,20260615,2026-06-15,Th,0,0
10,6/15/26,20260615,2026-06-15,F,1,0
10,6/15/26,20260615,2026-06-15,Sa,0,0
10,6/15/26,20260615,2026-06-15,S,0,0
10,6/22/26,20260622,2026-06-22,M,0,0
10,6/22/26,20260622,2026-06-22,T,0,0
10,6/22/26,20260622,2026-06-22,W,0,0
10,6/22/26,20260622,2026-06-22,Th,0,0
10,6/22/26,20260622,2026-06-22,F,0,0
10,6/22/26,20260622,2026-06-22,Sa,0,0
10,6/22/26,20260622,2026-06-22,S,0,0
10,6/29/26,20260629,2026-06-29,M,1,0
10,6/29/26,20260629,2026-06-29,T,0,1
10,6/29/26,20260629,2026-06-29,W,1,1
10,6/29/26,20260629,2026-06-29,Th,0,0
10,6/29/26,20260629,2026-06-29,F,0,0
10,6/29/26,20260629,2026-06-29,Sa,0,0
10,6/29/26,20260629,2026-06-29,S,0,0
10,7/6/26,20260706,2026-07-06,M,0,0
10,7/6/26,20260706,2026-07-06,T,0,1
10,7/6/26,20260706,2026-07-06,W,0,0
10,7/6/26,20260706,2026-07-06,Th,0,0
10,7/6/26,20260706,2026-07-06,F,1,0
10,7/6/26,20260706,2026-07-06,Sa,0,0
10,7/6/26,20260706,2026-07-06,S,0,0
10,7/13/26,20260713,2026-07-13,M,0,1
10,7/13/26,20260713,2026-07-13,T,1,0
10,7/13/26,20260713,2026-07-13,W,0,0
10,7/13/26,20260713,2026-07-13,Th,0,0
10,7/13/26,20260713,2026-07-13,F,0,0
10,7/13/26,20260713,2026-07-13,Sa,0,0
10,7/13/26,20260713,2026-07-13,S,0,0
10,7/20/26,20260720,2026-07-20,M,0,0
10,7/20/26,20260720,2026-07-20,T,0,0
10,7/20/26,20260720,2026-07-20,W,0,0
10,7/20/26,20260720,2026-07-20,Th,0,0
10,7/20/26,20260720,2026-07-20,F,0,0
10,7/20/26,20260720,2026-07-20,Sa,0,0
10,7/20/26,20260720,2026-07-20,S,0,0
11,1/19/26,20260119,2026-01-19,M,0,0
11,1/19/26,20260119,2026-01-19,T,0,0
11,1/19/26,20260119,2026-01-19,W,0,0
11,1/19/26,20260119,2026-01-19,Th,0,0
11,1/19/26,20260119,2026-01-19,F,0,0
11,1/19/26,20260119,2026-01-19,Sa,0,0
11,1/19/26,20260119,2026-01-19,S,0,0
11,1/26/26,20260126,2026-01-26,M,0,0
11,1/26/26,20260126,2026-01-26,T,0,0
11,1/26/26,20260126,2026-01-26,W,0,1
11,1/26/26,20260126,2026-01-26,Th,0,0
11,1/26/26,20260126,2026-01-26,F,0,0
11,1/26/26,20260126,2026-01-26,Sa,0,0
11,1/26/26,20260126,2026-01-26,S,0,0
11,2/9/26,20260209,2026-02-09,M,0,0
11,2/9/26,20260209,2026-02-09,T,0,0
11,2/9/26,20260209,2026-02-09,W,0,1
11,2/9/26,20260209,2026-02-09,Th,0,0
11,2/9/26,20260209,2026-02-09,F,0,0
11,2/9/26,20260209,2026-02-09,Sa,0,0
11,2/9/26,20260209,2026-02-09,S,0,0
11,2/9/26,20260209,2026-02-09,M,0,0
11,2/9/26,20260209,2026-02-09,T,0,0
11,2/9/26,20260209,2026-02-09,W,0,1
11,2/9/26,20260209,2026-02-09,Th,0,0
11,2/9/26,20260209,2026-02-09,F,0,0
11,2/9/26,20260209,2026-02-09,Sa,0,0
11,2/9/26,20260209,2026-02-09,S,0,0
11,2/16/26,20260216,2026-02-16,M,0,0
11,2/16/26,20260216,2026-02-16,T,0,1
11,2/16/26,20260216,2026-02-16,W,0,0
11,2/16/26,20260216,2026-02-16,Th,0,0
11,2/16/26,20260216,2026-02-16,F,0,0
11,2/16/26,20260216,2026-02-16,Sa,0,0
11,2/16/26,20260216,2026-02-16,S,0,0
11,2/23/26,20260223,2026-02-23,M,0,0
11,2/23/26,20260223,2026-02-23,T,0,1
11,2/23/26,20260223,2026-02-23,W,0,0
11,2/23/26,20260223,2026-02-23,Th,0,0
11,2/23/26,20260223,2026-02-23,F,0,0
11,2/23/26,20260223,2026-02-23,Sa,0,0
11,2/23/26,20260223,2026-02-23,S,0,0
11,3/2/26,20260302,2026-03-02,M,0,0
11,3/2/26,20260302,2026-03-02,T,0,0
11,3/2/26,20260302,2026-03-02,W,0,1
11,3/2/26,20260302,2026-03-02,Th,1,1
11,3/2/26,20260302,2026-03-02,F,1,1
11,3/2/26,20260302,2026-03-02,Sa,0,0
11,3/2/26,20260302,2026-03-02,S,1,0
11,3/9/26,20260309,2026-03-09,M,0,0
11,3/9/26,20260309,2026-03-09,T,0,1
11,3/9/26,20260309,2026-03-09,W,0,1
11,3/9/26,20260309,2026-03-09,Th,0,1
11,3/9/26,20260309,2026-03-09,F,1,0
11,3/9/26,20260309,2026-03-09,Sa,0,0
11,3/9/26,20260309,2026-03-09,S,0,0
11,3/16/26,20260316,2026-03-16,M,1,1
11,3/16/26,20260316,2026-03-16,T,0,0
11,3/16/26,20260316,2026-03-16,W,1,1
11,3/16/26,20260316,2026-03-16,Th,0,1
11,3/16/26,20260316,2026-03-16,F,1,0
11,3/16/26,20260316,2026-03-16,Sa,0,0
11,3/16/26,20260316,2026-03-16,S,0,0
11,3/23/26,20260323,2026-03-23,M,0,0
11,3/23/26,20260323,2026-03-23,T,0,0
11,3/23/26,20260323,2026-03-23,W,1,0
11,3/23/26,20260323,2026-03-23,Th,0,0
11,3/23/26,20260323,2026-03-23,F,0,0
11,3/23/26,20260323,2026-03-23,Sa,0,0
11,3/23/26,20260323,2026-03-23,S,0,0
11,3/30/26,20260330,2026-03-30,M,0,0
11,3/30/26,20260330,2026-03-30,T,0,0
11,3/30/26,20260330,2026-03-30,W,0,1
11,3/30/26,20260330,2026-03-30,Th,0,1
11,3/30/26,20260330,2026-03-30,F,0,0
11,3/30/26,20260330,2026-03-30,Sa,0,0
11,3/30/26,20260330,2026-03-30,S,0,0
11,4/6/26,20260406,2026-04-06,M,0,0
11,4/6/26,20260406,2026-04-06,T,0,0
11,4/6/26,20260406,2026-04-06,W,0,0
11,4/6/26,20260406,2026-04-06,Th,0,0
11,4/6/26,20260406,2026-04-06,F,0,0
11,4/6/26,20260406,2026-04-06,Sa,0,0
11,4/6/26,20260406,2026-04-06,S,0,0
11,4/13/26,20260413,2026-04-13,M,0,0
11,4/13/26,20260413,2026-04-13,T,0,0
11,4/13/26,20260413,2026-04-13,W,0,0
11,4/13/26,20260413,2026-04-13,Th,0,0
11,4/13/26,20260413,2026-04-13,F,0,0
11,4/13/26,20260413,2026-04-13,Sa,0,0
11,4/13/26,20260413,2026-04-13,S,0,0
11,4/20/26,20260420,2026-04-20,M,0,1
11,4/20/26,20260420,2026-04-20,T,0,0
11,4/20/26,20260420,2026-04-20,W,0,0
11,4/20/26,20260420,2026-04-20,Th,0,1
11,4/20/26,20260420,2026-04-20,F,0,0
11,4/20/26,20260420,2026-04-20,Sa,0,0
11,4/20/26,20260420,2026-04-20,S,0,0
11,4/27/26,20260427,2026-04-27,M,0,0
11,4/27/26,20260427,2026-04-27,T,0,0
11,4/27/26,20260427,2026-04-27,W,0,0
11,4/27/26,20260427,2026-04-27,Th,0,0
11,4/27/26,20260427,2026-04-27,F,0,0
11,4/27/26,20260427,2026-04-27,Sa,0,0
11,4/27/26,20260427,2026-04-27,S,0,0
11,5/4/26,20260504,2026-05-04,M,0,1
11,5/4/26,20260504,2026-05-04,T,0,1
11,5/4/26,20260504,2026-05-04,W,0,1
11,5/4/26,20260504,2026-05-04,Th,0,0
11,5/4/26,20260504,2026-05-04,F,0,0
11,5/4/26,20260504,2026-05-04,Sa,0,0
11,5/4/26,20260504,2026-05-04,S,0,0
11,5/11/26,20260511,2026-05-11,M,0,0
11,5/11/26,20260511,2026-05-11,T,0,1
11,5/11/26,20260511,2026-05-11,W,0,0
11,5/11/26,20260511,2026-05-11,Th,0,0
11,5/11/26,20260511,2026-05-11,F,0,0
11,5/11/26,20260511,2026-05-11,Sa,0,0
11,5/11/26,20260511,2026-05-11,S,0,0
11,5/18/26,20260518,2026-05-18,M,0,0
11,5/18/26,20260518,2026-05-18,T,0,1
11,5/18/26,20260518,2026-05-18,W,0,1
11,5/18/26,20260518,2026-05-18,Th,0,1
11,5/18/26,20260518,2026-05-18,F,0,0
11,5/18/26,20260518,2026-05-18,Sa,0,0
11,5/18/26,20260518,2026-05-18,S,0,0
11,5/25/26,20260525,2026-05-25,M,1,0
11,5/25/26,20260525,2026-05-25,T,0,0
11,5/25/26,20260525,2026-05-25,W,0,0
11,5/25/26,20260525,2026-05-25,Th,0,0
11,5/25/26,20260525,2026-05-25,F,0,0
11,5/25/26,20260525,2026-05-25,Sa,0,0
11,5/25/26,20260525,2026-05-25,S,0,0
11,6/1/26,20260601,2026-06-01,M,0,0
11,6/1/26,20260601,2026-06-01,T,0,0
11,6/1/26,20260601,2026-06-01,W,0,0
11,6/1/26,20260601,2026-06-01,Th,0,0
11,6/1/26,20260601,2026-06-01,F,0,0
11,6/1/26,20260601,2026-06-01,Sa,0,0
11,6/1/26,20260601,2026-06-01,S,0,0
11,6/8/26,20260608,2026-06-08,M,0,0
11,6/8/26,20260608,2026-06-08,T,0,1
11,6/8/26,20260608,2026-06-08,W,0,0
11,6/8/26,20260608,2026-06-08,Th,0,0
11,6/8/26,20260608,2026-06-08,F,1,1
11,6/8/26,20260608,2026-06-08,Sa,0,0
11,6/8/26,20260608,2026-06-08,S,0,0
11,6/15/26,20260615,2026-06-15,M,0,0
11,6/15/26,20260615,2026-06-15,T,0,0
11,6/15/26,20260615,2026-06-15,W,0,1
11,6/15/26,20260615,2026-06-15,Th,0,0
11,6/15/26,20260615,2026-06-15,F,0,0
11,6/15/26,20260615,2026-06-15,Sa,0,0
11,6/15/26,20260615,2026-06-15,S,0,0
11,6/22/26,20260622,2026-06-22,M,0,0
11,6/22/26,20260622,2026-06-22,T,0,1
11,6/22/26,20260622,2026-06-22,W,0,1
11,6/22/26,20260622,2026-06-22,Th,0,1
11,6/22/26,20260622,2026-06-22,F,0,1
11,6/22/26,20260622,2026-06-22,Sa,0,0
11,6/22/26,20260622,2026-06-22,S,0,0
11,6/29/26,20260629,2026-06-29,M,0,0
11,6/29/26,20260629,2026-06-29,T,0,1
11,6/29/26,20260629,2026-06-29,W,0,1
11,6/29/26,20260629,2026-06-29,Th,0,1
11,6/29/26,20260629,2026-06-29,F,0,0
11,6/29/26,20260629,2026-06-29,Sa,0,0
11,6/29/26,20260629,2026-06-29,S,0,0
11,7/6/26,20260706,2026-07-06,M,0,0
11,7/6/26,20260706,2026-07-06,T,0,1
11,7/6/26,20260706,2026-07-06,W,0,0
11,7/6/26,20260706,2026-07-06,Th,0,1
11,7/6/26,20260706,2026-07-06,F,0,0
11,7/6/26,20260706,2026-07-06,Sa,0,0
11,7/6/26,20260706,2026-07-06,S,0,0
11,7/13/26,20260713,2026-07-13,M,0,0
11,7/13/26,20260713,2026-07-13,T,1,0
11,7/13/26,20260713,2026-07-13,W,0,0
11,7/13/26,20260713,2026-07-13,Th,0,0
11,7/13/26,20260713,2026-07-13,F,0,0
11,7/13/26,20260713,2026-07-13,Sa,0,0
11,7/13/26,20260713,2026-07-13,S,0,0
11,7/20/26,20260720,2026-07-20,M,0,0
11,7/20/26,20260720,2026-07-20,T,0,0
11,7/20/26,20260720,2026-07-20,W,0,0
11,7/20/26,20260720,2026-07-20,Th,0,0
11,7/20/26,20260720,2026-07-20,F,0,0
11,7/20/26,20260720,2026-07-20,Sa,0,0
11,7/20/26,20260720,2026-07-20,S,0,0
12,1/19/26,20260119,2026-01-19,M,0,0
12,1/19/26,20260119,2026-01-19,T,0,1
12,1/19/26,20260119,2026-01-19,W,1,1
12,1/19/26,20260119,2026-01-19,Th,0,0
12,1/19/26,20260119,2026-01-19,F,0,1
12,1/19/26,20260119,2026-01-19,Sa,0,0
12,1/19/26,20260119,2026-01-19,S,0,0
12,1/26/26,20260126,2026-01-26,M,0,1
12,1/26/26,20260126,2026-01-26,T,0,0
12,1/26/26,20260126,2026-01-26,W,1,0
12,1/26/26,20260126,2026-01-26,Th,0,0
12,1/26/26,20260126,2026-01-26,F,0,0
12,1/26/26,20260126,2026-01-26,Sa,0,1
12,1/26/26,20260126,2026-01-26,S,0,0
12,2/9/26,20260209,2026-02-09,M,0,1
12,2/9/26,20260209,2026-02-09,T,0,0
12,2/9/26,20260209,2026-02-09,W,0,0
12,2/9/26,20260209,2026-02-09,Th,1,1
12,2/9/26,20260209,2026-02-09,F,0,0
12,2/9/26,20260209,2026-02-09,Sa,0,0
12,2/9/26,20260209,2026-02-09,S,0,0
12,2/9/26,20260209,2026-02-09,M,0,1
12,2/9/26,20260209,2026-02-09,T,0,0
12,2/9/26,20260209,2026-02-09,W,0,0
12,2/9/26,20260209,2026-02-09,Th,1,1
12,2/9/26,20260209,2026-02-09,F,0,0
12,2/9/26,20260209,2026-02-09,Sa,0,0
12,2/9/26,20260209,2026-02-09,S,0,0
12,2/16/26,20260216,2026-02-16,M,0,0
12,2/16/26,20260216,2026-02-16,T,0,0
12,2/16/26,20260216,2026-02-16,W,0,0
12,2/16/26,20260216,2026-02-16,Th,0,0
12,2/16/26,20260216,2026-02-16,F,0,0
12,2/16/26,20260216,2026-02-16,Sa,0,0
12,2/16/26,20260216,2026-02-16,S,0,1
12,2/23/26,20260223,2026-02-23,M,0,0
12,2/23/26,20260223,2026-02-23,T,1,0
12,2/23/26,20260223,2026-02-23,W,0,0
12,2/23/26,20260223,2026-02-23,Th,1,1
12,2/23/26,20260223,2026-02-23,F,0,0
12,2/23/26,20260223,2026-02-23,Sa,1,0
12,2/23/26,20260223,2026-02-23,S,0,0
12,3/2/26,20260302,2026-03-02,M,1,0
12,3/2/26,20260302,2026-03-02,T,0,1
12,3/2/26,20260302,2026-03-02,W,0,1
12,3/2/26,20260302,2026-03-02,Th,0,0
12,3/2/26,20260302,2026-03-02,F,1,1
12,3/2/26,20260302,2026-03-02,Sa,0,1
12,3/2/26,20260302,2026-03-02,S,0,1
12,3/9/26,20260309,2026-03-09,M,0,0
12,3/9/26,20260309,2026-03-09,T,0,1
12,3/9/26,20260309,2026-03-09,W,0,0
12,3/9/26,20260309,2026-03-09,Th,0,0
12,3/9/26,20260309,2026-03-09,F,0,0
12,3/9/26,20260309,2026-03-09,Sa,0,0
12,3/9/26,20260309,2026-03-09,S,0,1
12,3/16/26,20260316,2026-03-16,M,0,1
12,3/16/26,20260316,2026-03-16,T,0,1
12,3/16/26,20260316,2026-03-16,W,0,0
12,3/16/26,20260316,2026-03-16,Th,0,1
12,3/16/26,20260316,2026-03-16,F,0,1
12,3/16/26,20260316,2026-03-16,Sa,0,1
12,3/16/26,20260316,2026-03-16,S,0,1
12,3/23/26,20260323,2026-03-23,M,0,0
12,3/23/26,20260323,2026-03-23,T,0,1
12,3/23/26,20260323,2026-03-23,W,0,1
12,3/23/26,20260323,2026-03-23,Th,0,0
12,3/23/26,20260323,2026-03-23,F,0,0
12,3/23/26,20260323,2026-03-23,Sa,0,0
12,3/23/26,20260323,2026-03-23,S,0,1
12,3/30/26,20260330,2026-03-30,M,0,0
12,3/30/26,20260330,2026-03-30,T,0,1
12,3/30/26,20260330,2026-03-30,W,0,1
12,3/30/26,20260330,2026-03-30,Th,1,1
12,3/30/26,20260330,2026-03-30,F,0,0
12,3/30/26,20260330,2026-03-30,Sa,0,0
12,3/30/26,20260330,2026-03-30,S,0,0
12,4/6/26,20260406,2026-04-06,M,0,0
12,4/6/26,20260406,2026-04-06,T,0,0
12,4/6/26,20260406,2026-04-06,W,0,1
12,4/6/26,20260406,2026-04-06,Th,0,0
12,4/6/26,20260406,2026-04-06,F,1,0
12,4/6/26,20260406,2026-04-06,Sa,0,0
12,4/6/26,20260406,2026-04-06,S,0,0
12,4/13/26,20260413,2026-04-13,M,0,1
12,4/13/26,20260413,2026-04-13,T,0,0
12,4/13/26,20260413,2026-04-13,W,0,0
12,4/13/26,20260413,2026-04-13,Th,0,1
12,4/13/26,20260413,2026-04-13,F,0,1
12,4/13/26,20260413,2026-04-13,Sa,0,0
12,4/13/26,20260413,2026-04-13,S,0,1
12,4/20/26,20260420,2026-04-20,M,0,0
12,4/20/26,20260420,2026-04-20,T,0,1
12,4/20/26,20260420,2026-04-20,W,0,0
12,4/20/26,20260420,2026-04-20,Th,0,1
12,4/20/26,20260420,2026-04-20,F,0,1
12,4/20/26,20260420,2026-04-20,Sa,0,0
12,4/20/26,20260420,2026-04-20,S,1,1
12,4/27/26,20260427,2026-04-27,M,0,0
12,4/27/26,20260427,2026-04-27,T,0,1
12,4/27/26,20260427,2026-04-27,W,0,1
12,4/27/26,20260427,2026-04-27,Th,0,1
12,4/27/26,20260427,2026-04-27,F,0,0
12,4/27/26,20260427,2026-04-27,Sa,0,0
12,4/27/26,20260427,2026-04-27,S,0,1
12,5/4/26,20260504,2026-05-04,M,0,0
12,5/4/26,20260504,2026-05-04,T,0,1
12,5/4/26,20260504,2026-05-04,W,0,1
12,5/4/26,20260504,2026-05-04,Th,0,1
12,5/4/26,20260504,2026-05-04,F,0,0
12,5/4/26,20260504,2026-05-04,Sa,0,0
12,5/4/26,20260504,2026-05-04,S,0,1
12,5/11/26,20260511,2026-05-11,M,0,0
12,5/11/26,20260511,2026-05-11,T,0,1
12,5/11/26,20260511,2026-05-11,W,0,1
12,5/11/26,20260511,2026-05-11,Th,0,1
12,5/11/26,20260511,2026-05-11,F,0,0
12,5/11/26,20260511,2026-05-11,Sa,0,0
12,5/11/26,20260511,2026-05-11,S,0,1
12,5/18/26,20260518,2026-05-18,M,0,1
12,5/18/26,20260518,2026-05-18,T,0,1
12,5/18/26,20260518,2026-05-18,W,0,1
12,5/18/26,20260518,2026-05-18,Th,0,0
12,5/18/26,20260518,2026-05-18,F,0,0
12,5/18/26,20260518,2026-05-18,Sa,0,0
12,5/18/26,20260518,2026-05-18,S,0,1
12,5/25/26,20260525,2026-05-25,M,1,0
12,5/25/26,20260525,2026-05-25,T,0,0
12,5/25/26,20260525,2026-05-25,W,1,0
12,5/25/26,20260525,2026-05-25,Th,0,1
12,5/25/26,20260525,2026-05-25,F,0,0
12,5/25/26,20260525,2026-05-25,Sa,0,0
12,5/25/26,20260525,2026-05-25,S,0,1
12,6/1/26,20260601,2026-06-01,M,0,1
12,6/1/26,20260601,2026-06-01,T,0,1
12,6/1/26,20260601,2026-06-01,W,0,1
12,6/1/26,20260601,2026-06-01,Th,1,0
12,6/1/26,20260601,2026-06-01,F,0,0
12,6/1/26,20260601,2026-06-01,Sa,0,0
12,6/1/26,20260601,2026-06-01,S,0,1
12,6/8/26,20260608,2026-06-08,M,0,1
12,6/8/26,20260608,2026-06-08,T,0,0
12,6/8/26,20260608,2026-06-08,W,0,0
12,6/8/26,20260608,2026-06-08,Th,0,1
12,6/8/26,20260608,2026-06-08,F,0,1
12,6/8/26,20260608,2026-06-08,Sa,0,0
12,6/8/26,20260608,2026-06-08,S,0,0
12,6/15/26,20260615,2026-06-15,M,0,1
12,6/15/26,20260615,2026-06-15,T,0,0
12,6/15/26,20260615,2026-06-15,W,0,1
12,6/15/26,20260615,2026-06-15,Th,0,0
12,6/15/26,20260615,2026-06-15,F,0,1
12,6/15/26,20260615,2026-06-15,Sa,1,0
12,6/15/26,20260615,2026-06-15,S,1,1
12,6/22/26,20260622,2026-06-22,M,0,1
12,6/22/26,20260622,2026-06-22,T,0,1
12,6/22/26,20260622,2026-06-22,W,1,1
12,6/22/26,20260622,2026-06-22,Th,0,0
12,6/22/26,20260622,2026-06-22,F,0,0
12,6/22/26,20260622,2026-06-22,Sa,0,0
12,6/22/26,20260622,2026-06-22,S,0,1
12,6/29/26,20260629,2026-06-29,M,1,0
12,6/29/26,20260629,2026-06-29,T,0,1
12,6/29/26,20260629,2026-06-29,W,0,0
12,6/29/26,20260629,2026-06-29,Th,1,0
12,6/29/26,20260629,2026-06-29,F,0,0
12,6/29/26,20260629,2026-06-29,Sa,1,0
12,6/29/26,20260629,2026-06-29,S,0,0
12,7/6/26,20260706,2026-07-06,M,0,1
12,7/6/26,20260706,2026-07-06,T,1,0
12,7/6/26,20260706,2026-07-06,W,0,1
12,7/6/26,20260706,2026-07-06,Th,0,1
12,7/6/26,20260706,2026-07-06,F,0,1
12,7/6/26,20260706,2026-07-06,Sa,0,0
12,7/6/26,20260706,2026-07-06,S,0,0
12,7/13/26,20260713,2026-07-13,M,0,1
12,7/13/26,20260713,2026-07-13,T,0,1
12,7/13/26,20260713,2026-07-13,W,0,1
12,7/13/26,20260713,2026-07-13,Th,0,1
12,7/13/26,20260713,2026-07-13,F,1,1
12,7/13/26,20260713,2026-07-13,Sa,0,0
12,7/13/26,20260713,2026-07-13,S,0,0
12,7/20/26,20260720,2026-07-20,M,0,1
12,7/20/26,20260720,2026-07-20,T,0,0
12,7/20/26,20260720,2026-07-20,W,0,0
12,7/20/26,20260720,2026-07-20,Th,0,1
12,7/20/26,20260720,2026-07-20,F,0,0
12,7/20/26,20260720,2026-07-20,Sa,0,0
12,7/20/26,20260720,2026-07-20,S,0,0
13,1/19/26,20260119,2026-01-19,M,0,0
13,1/19/26,20260119,2026-01-19,T,0,1
13,1/19/26,20260119,2026-01-19,W,1,0
13,1/19/26,20260119,2026-01-19,Th,0,0
13,1/19/26,20260119,2026-01-19,F,1,0
13,1/19/26,20260119,2026-01-19,Sa,0,0
13,1/19/26,20260119,2026-01-19,S,0,0
13,1/26/26,20260126,2026-01-26,M,0,1
13,1/26/26,20260126,2026-01-26,T,0,0
13,1/26/26,20260126,2026-01-26,W,1,0
13,1/26/26,20260126,2026-01-26,Th,0,0
13,1/26/26,20260126,2026-01-26,F,0,0
13,1/26/26,20260126,2026-01-26,Sa,0,1
13,1/26/26,20260126,2026-01-26,S,0,0
13,2/9/26,20260209,2026-02-09,M,0,1
13,2/9/26,20260209,2026-02-09,T,0,0
13,2/9/26,20260209,2026-02-09,W,0,0
13,2/9/26,20260209,2026-02-09,Th,1,1
13,2/9/26,20260209,2026-02-09,F,0,0
13,2/9/26,20260209,2026-02-09,Sa,0,0
13,2/9/26,20260209,2026-02-09,S,0,0
13,2/9/26,20260209,2026-02-09,M,0,1
13,2/9/26,20260209,2026-02-09,T,0,0
13,2/9/26,20260209,2026-02-09,W,0,0
13,2/9/26,20260209,2026-02-09,Th,1,1
13,2/9/26,20260209,2026-02-09,F,0,0
13,2/9/26,20260209,2026-02-09,Sa,0,0
13,2/9/26,20260209,2026-02-09,S,0,0
13,2/16/26,20260216,2026-02-16,M,0,0
13,2/16/26,20260216,2026-02-16,T,0,0
13,2/16/26,20260216,2026-02-16,W,0,0
13,2/16/26,20260216,2026-02-16,Th,0,0
13,2/16/26,20260216,2026-02-16,F,0,0
13,2/16/26,20260216,2026-02-16,Sa,0,0
13,2/16/26,20260216,2026-02-16,S,0,1
13,2/23/26,20260223,2026-02-23,M,0,0
13,2/23/26,20260223,2026-02-23,T,0,0
13,2/23/26,20260223,2026-02-23,W,0,0
13,2/23/26,20260223,2026-02-23,Th,0,1
13,2/23/26,20260223,2026-02-23,F,1,0
13,2/23/26,20260223,2026-02-23,Sa,0,1
13,2/23/26,20260223,2026-02-23,S,0,0
13,3/2/26,20260302,2026-03-02,M,0,0
13,3/2/26,20260302,2026-03-02,T,0,1
13,3/2/26,20260302,2026-03-02,W,1,0
13,3/2/26,20260302,2026-03-02,Th,0,1
13,3/2/26,20260302,2026-03-02,F,0,0
13,3/2/26,20260302,2026-03-02,Sa,1,0
13,3/2/26,20260302,2026-03-02,S,0,0
13,3/9/26,20260309,2026-03-09,M,0,0
13,3/9/26,20260309,2026-03-09,T,0,1
13,3/9/26,20260309,2026-03-09,W,0,0
13,3/9/26,20260309,2026-03-09,Th,0,1
13,3/9/26,20260309,2026-03-09,F,0,0
13,3/9/26,20260309,2026-03-09,Sa,0,0
13,3/9/26,20260309,2026-03-09,S,0,1
13,3/16/26,20260316,2026-03-16,M,0,1
13,3/16/26,20260316,2026-03-16,T,0,1
13,3/16/26,20260316,2026-03-16,W,0,0
13,3/16/26,20260316,2026-03-16,Th,0,1
13,3/16/26,20260316,2026-03-16,F,0,1
13,3/16/26,20260316,2026-03-16,Sa,0,0
13,3/16/26,20260316,2026-03-16,S,0,1
13,3/23/26,20260323,2026-03-23,M,0,0
13,3/23/26,20260323,2026-03-23,T,0,0
13,3/23/26,20260323,2026-03-23,W,0,1
13,3/23/26,20260323,2026-03-23,Th,0,0
13,3/23/26,20260323,2026-03-23,F,0,0
13,3/23/26,20260323,2026-03-23,Sa,0,0
13,3/23/26,20260323,2026-03-23,S,0,1
13,3/30/26,20260330,2026-03-30,M,0,0
13,3/30/26,20260330,2026-03-30,T,0,1
13,3/30/26,20260330,2026-03-30,W,0,1
13,3/30/26,20260330,2026-03-30,Th,1,1
13,3/30/26,20260330,2026-03-30,F,0,0
13,3/30/26,20260330,2026-03-30,Sa,0,0
13,3/30/26,20260330,2026-03-30,S,0,0
13,4/6/26,20260406,2026-04-06,M,0,0
13,4/6/26,20260406,2026-04-06,T,0,0
13,4/6/26,20260406,2026-04-06,W,0,1
13,4/6/26,20260406,2026-04-06,Th,0,0
13,4/6/26,20260406,2026-04-06,F,1,0
13,4/6/26,20260406,2026-04-06,Sa,0,0
13,4/6/26,20260406,2026-04-06,S,0,0
13,4/13/26,20260413,2026-04-13,M,0,1
13,4/13/26,20260413,2026-04-13,T,0,0
13,4/13/26,20260413,2026-04-13,W,0,0
13,4/13/26,20260413,2026-04-13,Th,0,1
13,4/13/26,20260413,2026-04-13,F,0,1
13,4/13/26,20260413,2026-04-13,Sa,0,0
13,4/13/26,20260413,2026-04-13,S,0,1
13,4/20/26,20260420,2026-04-20,M,0,0
13,4/20/26,20260420,2026-04-20,T,0,1
13,4/20/26,20260420,2026-04-20,W,0,0
13,4/20/26,20260420,2026-04-20,Th,0,1
13,4/20/26,20260420,2026-04-20,F,0,1
13,4/20/26,20260420,2026-04-20,Sa,0,0
13,4/20/26,20260420,2026-04-20,S,0,1
13,4/27/26,20260427,2026-04-27,M,0,0
13,4/27/26,20260427,2026-04-27,T,0,1
13,4/27/26,20260427,2026-04-27,W,0,1
13,4/27/26,20260427,2026-04-27,Th,0,1
13,4/27/26,20260427,2026-04-27,F,0,1
13,4/27/26,20260427,2026-04-27,Sa,0,0
13,4/27/26,20260427,2026-04-27,S,0,1
13,5/4/26,20260504,2026-05-04,M,0,0
13,5/4/26,20260504,2026-05-04,T,0,1
13,5/4/26,20260504,2026-05-04,W,0,0
13,5/4/26,20260504,2026-05-04,Th,0,1
13,5/4/26,20260504,2026-05-04,F,0,0
13,5/4/26,20260504,2026-05-04,Sa,0,0
13,5/4/26,20260504,2026-05-04,S,0,1
13,5/11/26,20260511,2026-05-11,M,0,0
13,5/11/26,20260511,2026-05-11,T,0,1
13,5/11/26,20260511,2026-05-11,W,0,1
13,5/11/26,20260511,2026-05-11,Th,0,1
13,5/11/26,20260511,2026-05-11,F,0,0
13,5/11/26,20260511,2026-05-11,Sa,0,0
13,5/11/26,20260511,2026-05-11,S,0,1
13,5/18/26,20260518,2026-05-18,M,0,1
13,5/18/26,20260518,2026-05-18,T,0,1
13,5/18/26,20260518,2026-05-18,W,0,1
13,5/18/26,20260518,2026-05-18,Th,0,0
13,5/18/26,20260518,2026-05-18,F,0,0
13,5/18/26,20260518,2026-05-18,Sa,0,0
13,5/18/26,20260518,2026-05-18,S,0,1
13,5/25/26,20260525,2026-05-25,M,1,0
13,5/25/26,20260525,2026-05-25,T,0,0
13,5/25/26,20260525,2026-05-25,W,1,0
13,5/25/26,20260525,2026-05-25,Th,0,1
13,5/25/26,20260525,2026-05-25,F,0,0
13,5/25/26,20260525,2026-05-25,Sa,0,0
13,5/25/26,20260525,2026-05-25,S,0,1
13,6/1/26,20260601,2026-06-01,M,0,1
13,6/1/26,20260601,2026-06-01,T,0,1
13,6/1/26,20260601,2026-06-01,W,0,1
13,6/1/26,20260601,2026-06-01,Th,1,0
13,6/1/26,20260601,2026-06-01,F,0,0
13,6/1/26,20260601,2026-06-01,Sa,0,0
13,6/1/26,20260601,2026-06-01,S,0,1
13,6/8/26,20260608,2026-06-08,M,0,1
13,6/8/26,20260608,2026-06-08,T,0,1
13,6/8/26,20260608,2026-06-08,W,0,0
13,6/8/26,20260608,2026-06-08,Th,0,1
13,6/8/26,20260608,2026-06-08,F,0,1
13,6/8/26,20260608,2026-06-08,Sa,0,0
13,6/8/26,20260608,2026-06-08,S,0,0
13,6/15/26,20260615,2026-06-15,M,0,1
13,6/15/26,20260615,2026-06-15,T,0,0
13,6/15/26,20260615,2026-06-15,W,0,1
13,6/15/26,20260615,2026-06-15,Th,0,0
13,6/15/26,20260615,2026-06-15,F,0,1
13,6/15/26,20260615,2026-06-15,Sa,1,0
13,6/15/26,20260615,2026-06-15,S,1,1
13,6/22/26,20260622,2026-06-22,M,0,1
13,6/22/26,20260622,2026-06-22,T,0,1
13,6/22/26,20260622,2026-06-22,W,0,1
13,6/22/26,20260622,2026-06-22,Th,0,1
13,6/22/26,20260622,2026-06-22,F,0,0
13,6/22/26,20260622,2026-06-22,Sa,0,0
13,6/22/26,20260622,2026-06-22,S,0,1
13,6/29/26,20260629,2026-06-29,M,1,0
13,6/29/26,20260629,2026-06-29,T,0,1
13,6/29/26,20260629,2026-06-29,W,0,0
13,6/29/26,20260629,2026-06-29,Th,1,0
13,6/29/26,20260629,2026-06-29,F,0,0
13,6/29/26,20260629,2026-06-29,Sa,1,0
13,6/29/26,20260629,2026-06-29,S,0,0
13,7/6/26,20260706,2026-07-06,M,0,1
13,7/6/26,20260706,2026-07-06,T,1,0
13,7/6/26,20260706,2026-07-06,W,0,1
13,7/6/26,20260706,2026-07-06,Th,0,1
13,7/6/26,20260706,2026-07-06,F,0,1
13,7/6/26,20260706,2026-07-06,Sa,0,0
13,7/6/26,20260706,2026-07-06,S,0,0
13,7/13/26,20260713,2026-07-13,M,0,1
13,7/13/26,20260713,2026-07-13,T,1,1
13,7/13/26,20260713,2026-07-13,W,0,1
13,7/13/26,20260713,2026-07-13,Th,0,1
13,7/13/26,20260713,2026-07-13,F,1,1
13,7/13/26,20260713,2026-07-13,Sa,0,0
13,7/13/26,20260713,2026-07-13,S,0,0
13,7/20/26,20260720,2026-07-20,M,0,1
13,7/20/26,20260720,2026-07-20,T,0,0
13,7/20/26,20260720,2026-07-20,W,0,0
13,7/20/26,20260720,2026-07-20,Th,0,1
13,7/20/26,20260720,2026-07-20,F,0,0
13,7/20/26,20260720,2026-07-20,Sa,0,0
13,7/20/26,20260720,2026-07-20,S,0,0
14,1/19/26,20260119,2026-01-19,M,0,0
14,1/19/26,20260119,2026-01-19,T,0,0
14,1/19/26,20260119,2026-01-19,W,0,0
14,1/19/26,20260119,2026-01-19,Th,1,0
14,1/19/26,20260119,2026-01-19,F,0,0
14,1/19/26,20260119,2026-01-19,Sa,0,0
14,1/19/26,20260119,2026-01-19,S,0,0
14,1/26/26,20260126,2026-01-26,M,0,0
14,1/26/26,20260126,2026-01-26,T,0,0
14,1/26/26,20260126,2026-01-26,W,0,1
14,1/26/26,20260126,2026-01-26,Th,1,0
14,1/26/26,20260126,2026-01-26,F,0,0
14,1/26/26,20260126,2026-01-26,Sa,0,0
14,1/26/26,20260126,2026-01-26,S,0,0
14,2/9/26,20260209,2026-02-09,M,0,0
14,2/9/26,20260209,2026-02-09,T,0,0
14,2/9/26,20260209,2026-02-09,W,0,1
14,2/9/26,20260209,2026-02-09,Th,1,0
14,2/9/26,20260209,2026-02-09,F,0,0
14,2/9/26,20260209,2026-02-09,Sa,0,0
14,2/9/26,20260209,2026-02-09,S,0,0
14,2/9/26,20260209,2026-02-09,M,0,0
14,2/9/26,20260209,2026-02-09,T,0,0
14,2/9/26,20260209,2026-02-09,W,0,1
14,2/9/26,20260209,2026-02-09,Th,1,0
14,2/9/26,20260209,2026-02-09,F,0,0
14,2/9/26,20260209,2026-02-09,Sa,0,0
14,2/9/26,20260209,2026-02-09,S,0,0
14,2/16/26,20260216,2026-02-16,M,0,0
14,2/16/26,20260216,2026-02-16,T,0,1
14,2/16/26,20260216,2026-02-16,W,0,0
14,2/16/26,20260216,2026-02-16,Th,1,0
14,2/16/26,20260216,2026-02-16,F,0,0
14,2/16/26,20260216,2026-02-16,Sa,0,0
14,2/16/26,20260216,2026-02-16,S,0,0
14,2/23/26,20260223,2026-02-23,M,0,0
14,2/23/26,20260223,2026-02-23,T,0,1
14,2/23/26,20260223,2026-02-23,W,1,0
14,2/23/26,20260223,2026-02-23,Th,1,0
14,2/23/26,20260223,2026-02-23,F,1,0
14,2/23/26,20260223,2026-02-23,Sa,0,0
14,2/23/26,20260223,2026-02-23,S,0,0
14,3/2/26,20260302,2026-03-02,M,0,0
14,3/2/26,20260302,2026-03-02,T,0,0
14,3/2/26,20260302,2026-03-02,W,0,1
14,3/2/26,20260302,2026-03-02,Th,1,1
14,3/2/26,20260302,2026-03-02,F,1,0
14,3/2/26,20260302,2026-03-02,Sa,0,0
14,3/2/26,20260302,2026-03-02,S,0,1
14,3/9/26,20260309,2026-03-09,M,0,0
14,3/9/26,20260309,2026-03-09,T,0,1
14,3/9/26,20260309,2026-03-09,W,0,1
14,3/9/26,20260309,2026-03-09,Th,0,0
14,3/9/26,20260309,2026-03-09,F,1,0
14,3/9/26,20260309,2026-03-09,Sa,0,0
14,3/9/26,20260309,2026-03-09,S,0,0
14,3/16/26,20260316,2026-03-16,M,0,1
14,3/16/26,20260316,2026-03-16,T,0,0
14,3/16/26,20260316,2026-03-16,W,0,1
14,3/16/26,20260316,2026-03-16,Th,0,1
14,3/16/26,20260316,2026-03-16,F,1,0
14,3/16/26,20260316,2026-03-16,Sa,0,0
14,3/16/26,20260316,2026-03-16,S,0,0
14,3/23/26,20260323,2026-03-23,M,0,0
14,3/23/26,20260323,2026-03-23,T,0,1
14,3/23/26,20260323,2026-03-23,W,0,0
14,3/23/26,20260323,2026-03-23,Th,0,0
14,3/23/26,20260323,2026-03-23,F,0,0
14,3/23/26,20260323,2026-03-23,Sa,0,0
14,3/23/26,20260323,2026-03-23,S,0,0
14,3/30/26,20260330,2026-03-30,M,0,0
14,3/30/26,20260330,2026-03-30,T,0,0
14,3/30/26,20260330,2026-03-30,W,1,1
14,3/30/26,20260330,2026-03-30,Th,0,1
14,3/30/26,20260330,2026-03-30,F,0,0
14,3/30/26,20260330,2026-03-30,Sa,0,0
14,3/30/26,20260330,2026-03-30,S,0,0
14,4/6/26,20260406,2026-04-06,M,0,0
14,4/6/26,20260406,2026-04-06,T,0,0
14,4/6/26,20260406,2026-04-06,W,1,0
14,4/6/26,20260406,2026-04-06,Th,0,0
14,4/6/26,20260406,2026-04-06,F,1,0
14,4/6/26,20260406,2026-04-06,Sa,0,0
14,4/6/26,20260406,2026-04-06,S,0,0
14,4/13/26,20260413,2026-04-13,M,0,0
14,4/13/26,20260413,2026-04-13,T,0,0
14,4/13/26,20260413,2026-04-13,W,0,0
14,4/13/26,20260413,2026-04-13,Th,0,0
14,4/13/26,20260413,2026-04-13,F,0,0
14,4/13/26,20260413,2026-04-13,Sa,0,0
14,4/13/26,20260413,2026-04-13,S,0,0
14,4/20/26,20260420,2026-04-20,M,0,1
14,4/20/26,20260420,2026-04-20,T,0,0
14,4/20/26,20260420,2026-04-20,W,1,0
14,4/20/26,20260420,2026-04-20,Th,0,1
14,4/20/26,20260420,2026-04-20,F,0,0
14,4/20/26,20260420,2026-04-20,Sa,0,0
14,4/20/26,20260420,2026-04-20,S,0,0
14,4/27/26,20260427,2026-04-27,M,0,0
14,4/27/26,20260427,2026-04-27,T,0,0
14,4/27/26,20260427,2026-04-27,W,0,0
14,4/27/26,20260427,2026-04-27,Th,0,1
14,4/27/26,20260427,2026-04-27,F,0,0
14,4/27/26,20260427,2026-04-27,Sa,0,0
14,4/27/26,20260427,2026-04-27,S,0,0
14,5/4/26,20260504,2026-05-04,M,0,1
14,5/4/26,20260504,2026-05-04,T,0,0
14,5/4/26,20260504,2026-05-04,W,0,1
14,5/4/26,20260504,2026-05-04,Th,0,0
14,5/4/26,20260504,2026-05-04,F,0,0
14,5/4/26,20260504,2026-05-04,Sa,0,0
14,5/4/26,20260504,2026-05-04,S,0,0
14,5/11/26,20260511,2026-05-11,M,0,0
14,5/11/26,20260511,2026-05-11,T,1,1
14,5/11/26,20260511,2026-05-11,W,0,0
14,5/11/26,20260511,2026-05-11,Th,0,0
14,5/11/26,20260511,2026-05-11,F,0,0
14,5/11/26,20260511,2026-05-11,Sa,0,0
14,5/11/26,20260511,2026-05-11,S,0,0
14,5/18/26,20260518,2026-05-18,M,0,0
14,5/18/26,20260518,2026-05-18,T,1,1
14,5/18/26,20260518,2026-05-18,W,0,1
14,5/18/26,20260518,2026-05-18,Th,1,1
14,5/18/26,20260518,2026-05-18,F,0,1
14,5/18/26,20260518,2026-05-18,Sa,0,0
14,5/18/26,20260518,2026-05-18,S,0,0
14,5/25/26,20260525,2026-05-25,M,1,0
14,5/25/26,20260525,2026-05-25,T,1,0
14,5/25/26,20260525,2026-05-25,W,0,0
14,5/25/26,20260525,2026-05-25,Th,1,0
14,5/25/26,20260525,2026-05-25,F,0,0
14,5/25/26,20260525,2026-05-25,Sa,0,0
14,5/25/26,20260525,2026-05-25,S,0,0
14,6/1/26,20260601,2026-06-01,M,0,0
14,6/1/26,20260601,2026-06-01,T,0,0
14,6/1/26,20260601,2026-06-01,W,1,0
14,6/1/26,20260601,2026-06-01,Th,0,0
14,6/1/26,20260601,2026-06-01,F,1,0
14,6/1/26,20260601,2026-06-01,Sa,0,0
14,6/1/26,20260601,2026-06-01,S,0,0
14,6/8/26,20260608,2026-06-08,M,1,0
14,6/8/26,20260608,2026-06-08,T,0,1
14,6/8/26,20260608,2026-06-08,W,1,0
14,6/8/26,20260608,2026-06-08,Th,0,0
14,6/8/26,20260608,2026-06-08,F,1,1
14,6/8/26,20260608,2026-06-08,Sa,0,0
14,6/8/26,20260608,2026-06-08,S,0,0
14,6/15/26,20260615,2026-06-15,M,0,0
14,6/15/26,20260615,2026-06-15,T,1,1
14,6/15/26,20260615,2026-06-15,W,0,0
14,6/15/26,20260615,2026-06-15,Th,0,1
14,6/15/26,20260615,2026-06-15,F,0,0
14,6/15/26,20260615,2026-06-15,Sa,0,0
14,6/15/26,20260615,2026-06-15,S,0,0
14,6/22/26,20260622,2026-06-22,M,0,0
14,6/22/26,20260622,2026-06-22,T,1,1
14,6/22/26,20260622,2026-06-22,W,0,1
14,6/22/26,20260622,2026-06-22,Th,0,0
14,6/22/26,20260622,2026-06-22,F,0,1
14,6/22/26,20260622,2026-06-22,Sa,0,0
14,6/22/26,20260622,2026-06-22,S,0,0
14,6/29/26,20260629,2026-06-29,M,0,0
14,6/29/26,20260629,2026-06-29,T,0,1
14,6/29/26,20260629,2026-06-29,W,0,1
14,6/29/26,20260629,2026-06-29,Th,0,1
14,6/29/26,20260629,2026-06-29,F,0,0
14,6/29/26,20260629,2026-06-29,Sa,0,0
14,6/29/26,20260629,2026-06-29,S,0,0
14,7/6/26,20260706,2026-07-06,M,0,0
14,7/6/26,20260706,2026-07-06,T,0,1
14,7/6/26,20260706,2026-07-06,W,0,0
14,7/6/26,20260706,2026-07-06,Th,0,1
14,7/6/26,20260706,2026-07-06,F,1,0
14,7/6/26,20260706,2026-07-06,Sa,0,0
14,7/6/26,20260706,2026-07-06,S,0,0
14,7/13/26,20260713,2026-07-13,M,0,0
14,7/13/26,20260713,2026-07-13,T,0,0
14,7/13/26,20260713,2026-07-13,W,1,0
14,7/13/26,20260713,2026-07-13,Th,1,0
14,7/13/26,20260713,2026-07-13,F,0,0
14,7/13/26,20260713,2026-07-13,Sa,0,0
14,7/13/26,20260713,2026-07-13,S,0,0
14,7/20/26,20260720,2026-07-20,M,0,0
14,7/20/26,20260720,2026-07-20,T,0,0
14,7/20/26,20260720,2026-07-20,W,1,0
14,7/20/26,20260720,2026-07-20,Th,1,0
14,7/20/26,20260720,2026-07-20,F,1,0
14,7/20/26,20260720,2026-07-20,Sa,0,0
14,7/20/26,20260720,2026-07-20,S,0,0
15,1/19/26,20260119,2026-01-19,M,0,0
15,1/19/26,20260119,2026-01-19,T,0,0
15,1/19/26,20260119,2026-01-19,W,0,0
15,1/19/26,20260119,2026-01-19,Th,1,0
15,1/19/26,20260119,2026-01-19,F,0,0
15,1/19/26,20260119,2026-01-19,Sa,0,0
15,1/19/26,20260119,2026-01-19,S,0,0
15,1/26/26,20260126,2026-01-26,M,0,0
15,1/26/26,20260126,2026-01-26,T,0,0
15,1/26/26,20260126,2026-01-26,W,0,0
15,1/26/26,20260126,2026-01-26,Th,1,0
15,1/26/26,20260126,2026-01-26,F,0,0
15,1/26/26,20260126,2026-01-26,Sa,0,0
15,1/26/26,20260126,2026-01-26,S,0,0
15,2/9/26,20260209,2026-02-09,M,0,0
15,2/9/26,20260209,2026-02-09,T,0,0
15,2/9/26,20260209,2026-02-09,W,0,0
15,2/9/26,20260209,2026-02-09,Th,1,0
15,2/9/26,20260209,2026-02-09,F,0,0
15,2/9/26,20260209,2026-02-09,Sa,0,0
15,2/9/26,20260209,2026-02-09,S,0,0
15,2/9/26,20260209,2026-02-09,M,0,0
15,2/9/26,20260209,2026-02-09,T,0,0
15,2/9/26,20260209,2026-02-09,W,0,0
15,2/9/26,20260209,2026-02-09,Th,1,0
15,2/9/26,20260209,2026-02-09,F,0,0
15,2/9/26,20260209,2026-02-09,Sa,0,0
15,2/9/26,20260209,2026-02-09,S,0,0
15,2/16/26,20260216,2026-02-16,M,0,0
15,2/16/26,20260216,2026-02-16,T,0,0
15,2/16/26,20260216,2026-02-16,W,0,0
15,2/16/26,20260216,2026-02-16,Th,1,0
15,2/16/26,20260216,2026-02-16,F,0,0
15,2/16/26,20260216,2026-02-16,Sa,0,0
15,2/16/26,20260216,2026-02-16,S,0,0
15,2/23/26,20260223,2026-02-23,M,0,0
15,2/23/26,20260223,2026-02-23,T,0,0
15,2/23/26,20260223,2026-02-23,W,1,0
15,2/23/26,20260223,2026-02-23,Th,1,0
15,2/23/26,20260223,2026-02-23,F,1,0
15,2/23/26,20260223,2026-02-23,Sa,0,0
15,2/23/26,20260223,2026-02-23,S,0,0
15,3/2/26,20260302,2026-03-02,M,1,0
15,3/2/26,20260302,2026-03-02,T,1,0
15,3/2/26,20260302,2026-03-02,W,0,0
15,3/2/26,20260302,2026-03-02,Th,1,0
15,3/2/26,20260302,2026-03-02,F,1,0
15,3/2/26,20260302,2026-03-02,Sa,0,0
15,3/2/26,20260302,2026-03-02,S,0,0
15,3/9/26,20260309,2026-03-09,M,1,0
15,3/9/26,20260309,2026-03-09,T,1,0
15,3/9/26,20260309,2026-03-09,W,1,0
15,3/9/26,20260309,2026-03-09,Th,1,0
15,3/9/26,20260309,2026-03-09,F,1,1
15,3/9/26,20260309,2026-03-09,Sa,0,0
15,3/9/26,20260309,2026-03-09,S,0,0
15,3/16/26,20260316,2026-03-16,M,1,0
15,3/16/26,20260316,2026-03-16,T,0,0
15,3/16/26,20260316,2026-03-16,W,0,0
15,3/16/26,20260316,2026-03-16,Th,0,0
15,3/16/26,20260316,2026-03-16,F,1,0
15,3/16/26,20260316,2026-03-16,Sa,0,0
15,3/16/26,20260316,2026-03-16,S,0,0
15,3/23/26,20260323,2026-03-23,M,0,0
15,3/23/26,20260323,2026-03-23,T,1,0
15,3/23/26,20260323,2026-03-23,W,1,0
15,3/23/26,20260323,2026-03-23,Th,0,0
15,3/23/26,20260323,2026-03-23,F,0,0
15,3/23/26,20260323,2026-03-23,Sa,0,0
15,3/23/26,20260323,2026-03-23,S,0,0
15,3/30/26,20260330,2026-03-30,M,1,0
15,3/30/26,20260330,2026-03-30,T,1,0
15,3/30/26,20260330,2026-03-30,W,1,0
15,3/30/26,20260330,2026-03-30,Th,0,0
15,3/30/26,20260330,2026-03-30,F,0,0
15,3/30/26,20260330,2026-03-30,Sa,0,0
15,3/30/26,20260330,2026-03-30,S,0,0
15,4/6/26,20260406,2026-04-06,M,0,0
15,4/6/26,20260406,2026-04-06,T,0,0
15,4/6/26,20260406,2026-04-06,W,0,0
15,4/6/26,20260406,2026-04-06,Th,0,0
15,4/6/26,20260406,2026-04-06,F,0,0
15,4/6/26,20260406,2026-04-06,Sa,1,0
15,4/6/26,20260406,2026-04-06,S,0,0
15,4/13/26,20260413,2026-04-13,M,0,0
15,4/13/26,20260413,2026-04-13,T,1,0
15,4/13/26,20260413,2026-04-13,W,1,0
15,4/13/26,20260413,2026-04-13,Th,0,0
15,4/13/26,20260413,2026-04-13,F,0,0
15,4/13/26,20260413,2026-04-13,Sa,1,0
15,4/13/26,20260413,2026-04-13,S,0,0
15,4/20/26,20260420,2026-04-20,M,0,0
15,4/20/26,20260420,2026-04-20,T,0,0
15,4/20/26,20260420,2026-04-20,W,0,0
15,4/20/26,20260420,2026-04-20,Th,1,0
15,4/20/26,20260420,2026-04-20,F,0,0
15,4/20/26,20260420,2026-04-20,Sa,0,0
15,4/20/26,20260420,2026-04-20,S,0,0
15,4/27/26,20260427,2026-04-27,M,1,0
15,4/27/26,20260427,2026-04-27,T,0,0
15,4/27/26,20260427,2026-04-27,W,0,0
15,4/27/26,20260427,2026-04-27,Th,0,0
15,4/27/26,20260427,2026-04-27,F,0,0
15,4/27/26,20260427,2026-04-27,Sa,0,0
15,4/27/26,20260427,2026-04-27,S,0,0
15,5/4/26,20260504,2026-05-04,M,0,0
15,5/4/26,20260504,2026-05-04,T,1,0
15,5/4/26,20260504,2026-05-04,W,0,0
15,5/4/26,20260504,2026-05-04,Th,0,0
15,5/4/26,20260504,2026-05-04,F,0,0
15,5/4/26,20260504,2026-05-04,Sa,0,0
15,5/4/26,20260504,2026-05-04,S,0,0
15,5/11/26,20260511,2026-05-11,M,1,0
15,5/11/26,20260511,2026-05-11,T,0,0
15,5/11/26,20260511,2026-05-11,W,0,0
15,5/11/26,20260511,2026-05-11,Th,0,0
15,5/11/26,20260511,2026-05-11,F,0,0
15,5/11/26,20260511,2026-05-11,Sa,0,0
15,5/11/26,20260511,2026-05-11,S,1,0
15,5/18/26,20260518,2026-05-18,M,0,0
15,5/18/26,20260518,2026-05-18,T,1,0
15,5/18/26,20260518,2026-05-18,W,1,0
15,5/18/26,20260518,2026-05-18,Th,0,1
15,5/18/26,20260518,2026-05-18,F,1,0
15,5/18/26,20260518,2026-05-18,Sa,0,0
15,5/18/26,20260518,2026-05-18,S,0,0
15,5/25/26,20260525,2026-05-25,M,1,0
15,5/25/26,20260525,2026-05-25,T,0,0
15,5/25/26,20260525,2026-05-25,W,0,0
15,5/25/26,20260525,2026-05-25,Th,0,0
15,5/25/26,20260525,2026-05-25,F,0,0
15,5/25/26,20260525,2026-05-25,Sa,1,0
15,5/25/26,20260525,2026-05-25,S,0,0
15,6/1/26,20260601,2026-06-01,M,1,0
15,6/1/26,20260601,2026-06-01,T,1,0
15,6/1/26,20260601,2026-06-01,W,0,0
15,6/1/26,20260601,2026-06-01,Th,0,0
15,6/1/26,20260601,2026-06-01,F,1,0
15,6/1/26,20260601,2026-06-01,Sa,0,0
15,6/1/26,20260601,2026-06-01,S,0,0
15,6/8/26,20260608,2026-06-08,M,1,0
15,6/8/26,20260608,2026-06-08,T,0,0
15,6/8/26,20260608,2026-06-08,W,1,0
15,6/8/26,20260608,2026-06-08,Th,0,0
15,6/8/26,20260608,2026-06-08,F,1,0
15,6/8/26,20260608,2026-06-08,Sa,0,0
15,6/8/26,20260608,2026-06-08,S,0,0
15,6/15/26,20260615,2026-06-15,M,0,0
15,6/15/26,20260615,2026-06-15,T,1,1
15,6/15/26,20260615,2026-06-15,W,0,0
15,6/15/26,20260615,2026-06-15,Th,0,0
15,6/15/26,20260615,2026-06-15,F,1,0
15,6/15/26,20260615,2026-06-15,Sa,1,0
15,6/15/26,20260615,2026-06-15,S,0,0
15,6/22/26,20260622,2026-06-22,M,0,0
15,6/22/26,20260622,2026-06-22,T,1,0
15,6/22/26,20260622,2026-06-22,W,1,0
15,6/22/26,20260622,2026-06-22,Th,0,0
15,6/22/26,20260622,2026-06-22,F,0,0
15,6/22/26,20260622,2026-06-22,Sa,0,0
15,6/22/26,20260622,2026-06-22,S,1,0
15,6/29/26,20260629,2026-06-29,M,0,0
15,6/29/26,20260629,2026-06-29,T,0,0
15,6/29/26,20260629,2026-06-29,W,1,0
15,6/29/26,20260629,2026-06-29,Th,0,0
15,6/29/26,20260629,2026-06-29,F,0,0
15,6/29/26,20260629,2026-06-29,Sa,0,0
15,6/29/26,20260629,2026-06-29,S,0,0
15,7/6/26,20260706,2026-07-06,M,0,0
15,7/6/26,20260706,2026-07-06,T,1,0
15,7/6/26,20260706,2026-07-06,W,0,0
15,7/6/26,20260706,2026-07-06,Th,0,0
15,7/6/26,20260706,2026-07-06,F,0,0
15,7/6/26,20260706,2026-07-06,Sa,0,0
15,7/6/26,20260706,2026-07-06,S,0,0
15,7/13/26,20260713,2026-07-13,M,0,0
15,7/13/26,20260713,2026-07-13,T,0,0
15,7/13/26,20260713,2026-07-13,W,1,0
15,7/13/26,20260713,2026-07-13,Th,0,0
15,7/13/26,20260713,2026-07-13,F,0,0
15,7/13/26,20260713,2026-07-13,Sa,0,0
15,7/13/26,20260713,2026-07-13,S,0,0
15,7/20/26,20260720,2026-07-20,M,0,0
15,7/20/26,20260720,2026-07-20,T,0,0
15,7/20/26,20260720,2026-07-20,W,0,0
15,7/20/26,20260720,2026-07-20,Th,0,0
15,7/20/26,20260720,2026-07-20,F,0,0
15,7/20/26,20260720,2026-07-20,Sa,1,0
15,7/20/26,20260720,2026-07-20,S,0,0
16,1/19/26,20260119,2026-01-19,M,0,0
16,1/19/26,20260119,2026-01-19,T,0,0
16,1/19/26,20260119,2026-01-19,W,0,0
16,1/19/26,20260119,2026-01-19,Th,0,0
16,1/19/26,20260119,2026-01-19,F,0,0
16,1/19/26,20260119,2026-01-19,Sa,0,0
16,1/19/26,20260119,2026-01-19,S,0,0
16,1/26/26,20260126,2026-01-26,M,0,0
16,1/26/26,20260126,2026-01-26,T,0,0
16,1/26/26,20260126,2026-01-26,W,0,0
16,1/26/26,20260126,2026-01-26,Th,1,0
16,1/26/26,20260126,2026-01-26,F,0,0
16,1/26/26,20260126,2026-01-26,Sa,0,0
16,1/26/26,20260126,2026-01-26,S,0,0
16,2/9/26,20260209,2026-02-09,M,0,0
16,2/9/26,20260209,2026-02-09,T,0,0
16,2/9/26,20260209,2026-02-09,W,1,0
16,2/9/26,20260209,2026-02-09,Th,1,0
16,2/9/26,20260209,2026-02-09,F,0,0
16,2/9/26,20260209,2026-02-09,Sa,0,0
16,2/9/26,20260209,2026-02-09,S,0,0
16,2/9/26,20260209,2026-02-09,M,0,0
16,2/9/26,20260209,2026-02-09,T,0,0
16,2/9/26,20260209,2026-02-09,W,1,0
16,2/9/26,20260209,2026-02-09,Th,1,0
16,2/9/26,20260209,2026-02-09,F,0,0
16,2/9/26,20260209,2026-02-09,Sa,0,0
16,2/9/26,20260209,2026-02-09,S,0,0
16,2/16/26,20260216,2026-02-16,M,0,0
16,2/16/26,20260216,2026-02-16,T,0,0
16,2/16/26,20260216,2026-02-16,W,0,0
16,2/16/26,20260216,2026-02-16,Th,0,0
16,2/16/26,20260216,2026-02-16,F,0,0
16,2/16/26,20260216,2026-02-16,Sa,0,0
16,2/16/26,20260216,2026-02-16,S,0,0
16,2/23/26,20260223,2026-02-23,M,0,0
16,2/23/26,20260223,2026-02-23,T,0,0
16,2/23/26,20260223,2026-02-23,W,0,0
16,2/23/26,20260223,2026-02-23,Th,1,0
16,2/23/26,20260223,2026-02-23,F,1,0
16,2/23/26,20260223,2026-02-23,Sa,0,0
16,2/23/26,20260223,2026-02-23,S,0,0
16,3/2/26,20260302,2026-03-02,M,0,0
16,3/2/26,20260302,2026-03-02,T,0,0
16,3/2/26,20260302,2026-03-02,W,0,0
16,3/2/26,20260302,2026-03-02,Th,1,0
16,3/2/26,20260302,2026-03-02,F,1,0
16,3/2/26,20260302,2026-03-02,Sa,0,0
16,3/2/26,20260302,2026-03-02,S,0,0
16,3/9/26,20260309,2026-03-09,M,0,0
16,3/9/26,20260309,2026-03-09,T,0,0
16,3/9/26,20260309,2026-03-09,W,0,0
16,3/9/26,20260309,2026-03-09,Th,0,0
16,3/9/26,20260309,2026-03-09,F,1,0
16,3/9/26,20260309,2026-03-09,Sa,0,0
16,3/9/26,20260309,2026-03-09,S,0,0
16,3/16/26,20260316,2026-03-16,M,0,0
16,3/16/26,20260316,2026-03-16,T,0,0
16,3/16/26,20260316,2026-03-16,W,0,0
16,3/16/26,20260316,2026-03-16,Th,0,0
16,3/16/26,20260316,2026-03-16,F,1,0
16,3/16/26,20260316,2026-03-16,Sa,0,0
16,3/16/26,20260316,2026-03-16,S,0,0
16,3/23/26,20260323,2026-03-23,M,0,0
16,3/23/26,20260323,2026-03-23,T,0,0
16,3/23/26,20260323,2026-03-23,W,0,0
16,3/23/26,20260323,2026-03-23,Th,0,0
16,3/23/26,20260323,2026-03-23,F,0,0
16,3/23/26,20260323,2026-03-23,Sa,0,0
16,3/23/26,20260323,2026-03-23,S,0,0
16,3/30/26,20260330,2026-03-30,M,0,0
16,3/30/26,20260330,2026-03-30,T,0,0
16,3/30/26,20260330,2026-03-30,W,0,0
16,3/30/26,20260330,2026-03-30,Th,0,0
16,3/30/26,20260330,2026-03-30,F,0,0
16,3/30/26,20260330,2026-03-30,Sa,0,0
16,3/30/26,20260330,2026-03-30,S,0,0
16,4/6/26,20260406,2026-04-06,M,0,0
16,4/6/26,20260406,2026-04-06,T,0,0
16,4/6/26,20260406,2026-04-06,W,0,0
16,4/6/26,20260406,2026-04-06,Th,0,0
16,4/6/26,20260406,2026-04-06,F,0,0
16,4/6/26,20260406,2026-04-06,Sa,0,0
16,4/6/26,20260406,2026-04-06,S,0,0
16,4/13/26,20260413,2026-04-13,M,0,0
16,4/13/26,20260413,2026-04-13,T,0,0
16,4/13/26,20260413,2026-04-13,W,0,0
16,4/13/26,20260413,2026-04-13,Th,0,0
16,4/13/26,20260413,2026-04-13,F,0,0
16,4/13/26,20260413,2026-04-13,Sa,0,0
16,4/13/26,20260413,2026-04-13,S,0,0
16,4/20/26,20260420,2026-04-20,M,0,0
16,4/20/26,20260420,2026-04-20,T,0,0
16,4/20/26,20260420,2026-04-20,W,0,0
16,4/20/26,20260420,2026-04-20,Th,0,0
16,4/20/26,20260420,2026-04-20,F,0,0
16,4/20/26,20260420,2026-04-20,Sa,0,0
16,4/20/26,20260420,2026-04-20,S,0,0
16,4/27/26,20260427,2026-04-27,M,0,0
16,4/27/26,20260427,2026-04-27,T,0,0
16,4/27/26,20260427,2026-04-27,W,0,0
16,4/27/26,20260427,2026-04-27,Th,0,0
16,4/27/26,20260427,2026-04-27,F,0,0
16,4/27/26,20260427,2026-04-27,Sa,0,0
16,4/27/26,20260427,2026-04-27,S,0,0
16,5/4/26,20260504,2026-05-04,M,0,0
16,5/4/26,20260504,2026-05-04,T,0,0
16,5/4/26,20260504,2026-05-04,W,0,0
16,5/4/26,20260504,2026-05-04,Th,0,0
16,5/4/26,20260504,2026-05-04,F,0,0
16,5/4/26,20260504,2026-05-04,Sa,0,0
16,5/4/26,20260504,2026-05-04,S,0,0
16,5/11/26,20260511,2026-05-11,M,0,0
16,5/11/26,20260511,2026-05-11,T,0,0
16,5/11/26,20260511,2026-05-11,W,0,0
16,5/11/26,20260511,2026-05-11,Th,0,0
16,5/11/26,20260511,2026-05-11,F,0,0
16,5/11/26,20260511,2026-05-11,Sa,0,0
16,5/11/26,20260511,2026-05-11,S,0,0
16,5/18/26,20260518,2026-05-18,M,0,0
16,5/18/26,20260518,2026-05-18,T,0,0
16,5/18/26,20260518,2026-05-18,W,1,0
16,5/18/26,20260518,2026-05-18,Th,0,0
16,5/18/26,20260518,2026-05-18,F,1,0
16,5/18/26,20260518,2026-05-18,Sa,0,0
16,5/18/26,20260518,2026-05-18,S,0,0
16,5/25/26,20260525,2026-05-25,M,1,0
16,5/25/26,20260525,2026-05-25,T,0,0
16,5/25/26,20260525,2026-05-25,W,0,0
16,5/25/26,20260525,2026-05-25,Th,0,0
16,5/25/26,20260525,2026-05-25,F,0,0
16,5/25/26,20260525,2026-05-25,Sa,0,0
16,5/25/26,20260525,2026-05-25,S,0,0
16,6/1/26,20260601,2026-06-01,M,0,0
16,6/1/26,20260601,2026-06-01,T,0,0
16,6/1/26,20260601,2026-06-01,W,0,0
16,6/1/26,20260601,2026-06-01,Th,0,0
16,6/1/26,20260601,2026-06-01,F,1,0
16,6/1/26,20260601,2026-06-01,Sa,0,0
16,6/1/26,20260601,2026-06-01,S,0,0
16,6/8/26,20260608,2026-06-08,M,0,0
16,6/8/26,20260608,2026-06-08,T,0,0
16,6/8/26,20260608,2026-06-08,W,0,0
16,6/8/26,20260608,2026-06-08,Th,0,0
16,6/8/26,20260608,2026-06-08,F,1,0
16,6/8/26,20260608,2026-06-08,Sa,0,0
16,6/8/26,20260608,2026-06-08,S,0,0
16,6/15/26,20260615,2026-06-15,M,0,0
16,6/15/26,20260615,2026-06-15,T,0,0
16,6/15/26,20260615,2026-06-15,W,0,0
16,6/15/26,20260615,2026-06-15,Th,0,0
16,6/15/26,20260615,2026-06-15,F,0,0
16,6/15/26,20260615,2026-06-15,Sa,0,0
16,6/15/26,20260615,2026-06-15,S,0,0
16,6/22/26,20260622,2026-06-22,M,0,0
16,6/22/26,20260622,2026-06-22,T,1,0
16,6/22/26,20260622,2026-06-22,W,0,0
16,6/22/26,20260622,2026-06-22,Th,0,0
16,6/22/26,20260622,2026-06-22,F,0,0
16,6/22/26,20260622,2026-06-22,Sa,0,0
16,6/22/26,20260622,2026-06-22,S,0,0
16,6/29/26,20260629,2026-06-29,M,0,0
16,6/29/26,20260629,2026-06-29,T,0,0
16,6/29/26,20260629,2026-06-29,W,0,0
16,6/29/26,20260629,2026-06-29,Th,0,0
16,6/29/26,20260629,2026-06-29,F,0,0
16,6/29/26,20260629,2026-06-29,Sa,0,0
16,6/29/26,20260629,2026-06-29,S,0,0
16,7/6/26,20260706,2026-07-06,M,0,0
16,7/6/26,20260706,2026-07-06,T,0,0
16,7/6/26,20260706,2026-07-06,W,0,0
16,7/6/26,20260706,2026-07-06,Th,0,0
16,7/6/26,20260706,2026-07-06,F,0,0
16,7/6/26,20260706,2026-07-06,Sa,0,0
16,7/6/26,20260706,2026-07-06,S,0,0
16,7/13/26,20260713,2026-07-13,M,0,0
16,7/13/26,20260713,2026-07-13,T,0,0
16,7/13/26,20260713,2026-07-13,W,1,0
16,7/13/26,20260713,2026-07-13,Th,0,0
16,7/13/26,20260713,2026-07-13,F,0,0
16,7/13/26,20260713,2026-07-13,Sa,0,0
16,7/13/26,20260713,2026-07-13,S,0,0
16,7/20/26,20260720,2026-07-20,M,0,0
16,7/20/26,20260720,2026-07-20,T,0,0
16,7/20/26,20260720,2026-07-20,W,0,0
16,7/20/26,20260720,2026-07-20,Th,0,0
16,7/20/26,20260720,2026-07-20,F,0,0
16,7/20/26,20260720,2026-07-20,Sa,0,0
16,7/20/26,20260720,2026-07-20,S,0,0
17,1/19/26,20260119,2026-01-19,M,0,0
17,1/19/26,20260119,2026-01-19,T,0,0
17,1/19/26,20260119,2026-01-19,W,0,0
17,1/19/26,20260119,2026-01-19,Th,0,0
17,1/19/26,20260119,2026-01-19,F,0,0
17,1/19/26,20260119,2026-01-19,Sa,0,0
17,1/19/26,20260119,2026-01-19,S,0,0
17,1/26/26,20260126,2026-01-26,M,0,0
17,1/26/26,20260126,2026-01-26,T,0,0
17,1/26/26,20260126,2026-01-26,W,0,0
17,1/26/26,20260126,2026-01-26,Th,0,0
17,1/26/26,20260126,2026-01-26,F,0,0
17,1/26/26,20260126,2026-01-26,Sa,0,0
17,1/26/26,20260126,2026-01-26,S,0,0
17,2/9/26,20260209,2026-02-09,M,0,0
17,2/9/26,20260209,2026-02-09,T,0,0
17,2/9/26,20260209,2026-02-09,W,0,0
17,2/9/26,20260209,2026-02-09,Th,0,0
17,2/9/26,20260209,2026-02-09,F,0,0
17,2/9/26,20260209,2026-02-09,Sa,0,0
17,2/9/26,20260209,2026-02-09,S,0,0
17,2/9/26,20260209,2026-02-09,M,0,0
17,2/9/26,20260209,2026-02-09,T,0,0
17,2/9/26,20260209,2026-02-09,W,0,0
17,2/9/26,20260209,2026-02-09,Th,0,0
17,2/9/26,20260209,2026-02-09,F,0,0
17,2/9/26,20260209,2026-02-09,Sa,0,0
17,2/9/26,20260209,2026-02-09,S,0,0
17,2/16/26,20260216,2026-02-16,M,0,0
17,2/16/26,20260216,2026-02-16,T,0,0
17,2/16/26,20260216,2026-02-16,W,0,0
17,2/16/26,20260216,2026-02-16,Th,0,0
17,2/16/26,20260216,2026-02-16,F,0,0
17,2/16/26,20260216,2026-02-16,Sa,0,0
17,2/16/26,20260216,2026-02-16,S,0,0
17,2/23/26,20260223,2026-02-23,M,0,0
17,2/23/26,20260223,2026-02-23,T,0,0
17,2/23/26,20260223,2026-02-23,W,0,0
17,2/23/26,20260223,2026-02-23,Th,0,0
17,2/23/26,20260223,2026-02-23,F,0,0
17,2/23/26,20260223,2026-02-23,Sa,0,0
17,2/23/26,20260223,2026-02-23,S,0,0
17,3/2/26,20260302,2026-03-02,M,0,0
17,3/2/26,20260302,2026-03-02,T,0,0
17,3/2/26,20260302,2026-03-02,W,0,0
17,3/2/26,20260302,2026-03-02,Th,0,0
17,3/2/26,20260302,2026-03-02,F,0,0
17,3/2/26,20260302,2026-03-02,Sa,0,0
17,3/2/26,20260302,2026-03-02,S,0,0
17,3/9/26,20260309,2026-03-09,M,0,0
17,3/9/26,20260309,2026-03-09,T,0,0
17,3/9/26,20260309,2026-03-09,W,0,0
17,3/9/26,20260309,2026-03-09,Th,0,0
17,3/9/26,20260309,2026-03-09,F,1,0
17,3/9/26,20260309,2026-03-09,Sa,0,0
17,3/9/26,20260309,2026-03-09,S,0,0
17,3/16/26,20260316,2026-03-16,M,0,0
17,3/16/26,20260316,2026-03-16,T,0,0
17,3/16/26,20260316,2026-03-16,W,0,0
17,3/16/26,20260316,2026-03-16,Th,0,0
17,3/16/26,20260316,2026-03-16,F,0,0
17,3/16/26,20260316,2026-03-16,Sa,0,0
17,3/16/26,20260316,2026-03-16,S,0,0
17,3/23/26,20260323,2026-03-23,M,0,0
17,3/23/26,20260323,2026-03-23,T,0,1
17,3/23/26,20260323,2026-03-23,W,0,1
17,3/23/26,20260323,2026-03-23,Th,0,0
17,3/23/26,20260323,2026-03-23,F,0,0
17,3/23/26,20260323,2026-03-23,Sa,0,0
17,3/23/26,20260323,2026-03-23,S,0,0
17,3/30/26,20260330,2026-03-30,M,0,0
17,3/30/26,20260330,2026-03-30,T,0,0
17,3/30/26,20260330,2026-03-30,W,0,1
17,3/30/26,20260330,2026-03-30,Th,0,1
17,3/30/26,20260330,2026-03-30,F,0,0
17,3/30/26,20260330,2026-03-30,Sa,0,0
17,3/30/26,20260330,2026-03-30,S,0,0
17,4/6/26,20260406,2026-04-06,M,0,0
17,4/6/26,20260406,2026-04-06,T,0,0
17,4/6/26,20260406,2026-04-06,W,0,1
17,4/6/26,20260406,2026-04-06,Th,0,0
17,4/6/26,20260406,2026-04-06,F,0,0
17,4/6/26,20260406,2026-04-06,Sa,0,0
17,4/6/26,20260406,2026-04-06,S,0,0
17,4/13/26,20260413,2026-04-13,M,0,0
17,4/13/26,20260413,2026-04-13,T,1,1
17,4/13/26,20260413,2026-04-13,W,0,1
17,4/13/26,20260413,2026-04-13,Th,0,0
17,4/13/26,20260413,2026-04-13,F,0,0
17,4/13/26,20260413,2026-04-13,Sa,0,0
17,4/13/26,20260413,2026-04-13,S,0,0
17,4/20/26,20260420,2026-04-20,M,0,0
17,4/20/26,20260420,2026-04-20,T,0,0
17,4/20/26,20260420,2026-04-20,W,0,0
17,4/20/26,20260420,2026-04-20,Th,0,1
17,4/20/26,20260420,2026-04-20,F,0,1
17,4/20/26,20260420,2026-04-20,Sa,0,0
17,4/20/26,20260420,2026-04-20,S,0,0
17,4/27/26,20260427,2026-04-27,M,0,0
17,4/27/26,20260427,2026-04-27,T,0,0
17,4/27/26,20260427,2026-04-27,W,0,0
17,4/27/26,20260427,2026-04-27,Th,0,0
17,4/27/26,20260427,2026-04-27,F,0,0
17,4/27/26,20260427,2026-04-27,Sa,0,0
17,4/27/26,20260427,2026-04-27,S,0,0
17,5/4/26,20260504,2026-05-04,M,0,0
17,5/4/26,20260504,2026-05-04,T,0,0
17,5/4/26,20260504,2026-05-04,W,0,1
17,5/4/26,20260504,2026-05-04,Th,0,0
17,5/4/26,20260504,2026-05-04,F,0,0
17,5/4/26,20260504,2026-05-04,Sa,0,0
17,5/4/26,20260504,2026-05-04,S,0,0
17,5/11/26,20260511,2026-05-11,M,0,1
17,5/11/26,20260511,2026-05-11,T,0,0
17,5/11/26,20260511,2026-05-11,W,0,0
17,5/11/26,20260511,2026-05-11,Th,0,0
17,5/11/26,20260511,2026-05-11,F,0,0
17,5/11/26,20260511,2026-05-11,Sa,0,0
17,5/11/26,20260511,2026-05-11,S,0,1
17,5/18/26,20260518,2026-05-18,M,0,1
17,5/18/26,20260518,2026-05-18,T,0,0
17,5/18/26,20260518,2026-05-18,W,1,0
17,5/18/26,20260518,2026-05-18,Th,0,0
17,5/18/26,20260518,2026-05-18,F,1,0
17,5/18/26,20260518,2026-05-18,Sa,0,0
17,5/18/26,20260518,2026-05-18,S,0,0
17,5/25/26,20260525,2026-05-25,M,0,0
17,5/25/26,20260525,2026-05-25,T,0,0
17,5/25/26,20260525,2026-05-25,W,0,0
17,5/25/26,20260525,2026-05-25,Th,0,0
17,5/25/26,20260525,2026-05-25,F,0,0
17,5/25/26,20260525,2026-05-25,Sa,0,0
17,5/25/26,20260525,2026-05-25,S,0,0
17,6/1/26,20260601,2026-06-01,M,0,0
17,6/1/26,20260601,2026-06-01,T,0,0
17,6/1/26,20260601,2026-06-01,W,0,1
17,6/1/26,20260601,2026-06-01,Th,1,0
17,6/1/26,20260601,2026-06-01,F,0,0
17,6/1/26,20260601,2026-06-01,Sa,0,0
17,6/1/26,20260601,2026-06-01,S,0,0
17,6/8/26,20260608,2026-06-08,M,0,1
17,6/8/26,20260608,2026-06-08,T,0,0
17,6/8/26,20260608,2026-06-08,W,0,0
17,6/8/26,20260608,2026-06-08,Th,0,0
17,6/8/26,20260608,2026-06-08,F,0,0
17,6/8/26,20260608,2026-06-08,Sa,0,0
17,6/8/26,20260608,2026-06-08,S,0,0
17,6/15/26,20260615,2026-06-15,M,0,0
17,6/15/26,20260615,2026-06-15,T,0,0
17,6/15/26,20260615,2026-06-15,W,0,0
17,6/15/26,20260615,2026-06-15,Th,1,0
17,6/15/26,20260615,2026-06-15,F,0,0
17,6/15/26,20260615,2026-06-15,Sa,1,0
17,6/15/26,20260615,2026-06-15,S,1,0
17,6/22/26,20260622,2026-06-22,M,0,0
17,6/22/26,20260622,2026-06-22,T,0,0
17,6/22/26,20260622,2026-06-22,W,0,1
17,6/22/26,20260622,2026-06-22,Th,0,0
17,6/22/26,20260622,2026-06-22,F,0,0
17,6/22/26,20260622,2026-06-22,Sa,0,0
17,6/22/26,20260622,2026-06-22,S,0,0
17,6/29/26,20260629,2026-06-29,M,0,0
17,6/29/26,20260629,2026-06-29,T,0,0
17,6/29/26,20260629,2026-06-29,W,0,0
17,6/29/26,20260629,2026-06-29,Th,0,0
17,6/29/26,20260629,2026-06-29,F,0,0
17,6/29/26,20260629,2026-06-29,Sa,0,0
17,6/29/26,20260629,2026-06-29,S,0,0
17,7/6/26,20260706,2026-07-06,M,0,0
17,7/6/26,20260706,2026-07-06,T,0,0
17,7/6/26,20260706,2026-07-06,W,0,0
17,7/6/26,20260706,2026-07-06,Th,0,0
17,7/6/26,20260706,2026-07-06,F,0,0
17,7/6/26,20260706,2026-07-06,Sa,0,0
17,7/6/26,20260706,2026-07-06,S,0,0
17,7/13/26,20260713,2026-07-13,M,0,0
17,7/13/26,20260713,2026-07-13,T,0,0
17,7/13/26,20260713,2026-07-13,W,0,0
17,7/13/26,20260713,2026-07-13,Th,0,0
17,7/13/26,20260713,2026-07-13,F,0,0
17,7/13/26,20260713,2026-07-13,Sa,0,0
17,7/13/26,20260713,2026-07-13,S,0,0
17,7/20/26,20260720,2026-07-20,M,0,0
17,7/20/26,20260720,2026-07-20,T,0,0
17,7/20/26,20260720,2026-07-20,W,0,0
17,7/20/26,20260720,2026-07-20,Th,0,0
17,7/20/26,20260720,2026-07-20,F,0,0
17,7/20/26,20260720,2026-07-20,Sa,0,0
17,7/20/26,20260720,2026-07-20,S,0,0
18,1/19/26,20260119,2026-01-19,M,0,0
18,1/19/26,20260119,2026-01-19,T,0,0
18,1/19/26,20260119,2026-01-19,W,0,0
18,1/19/26,20260119,2026-01-19,Th,0,0
18,1/19/26,20260119,2026-01-19,F,0,0
18,1/19/26,20260119,2026-01-19,Sa,0,0
18,1/19/26,20260119,2026-01-19,S,0,0
18,1/26/26,20260126,2026-01-26,M,0,0
18,1/26/26,20260126,2026-01-26,T,0,0
18,1/26/26,20260126,2026-01-26,W,0,0
18,1/26/26,20260126,2026-01-26,Th,0,0
18,1/26/26,20260126,2026-01-26,F,0,0
18,1/26/26,20260126,2026-01-26,Sa,0,0
18,1/26/26,20260126,2026-01-26,S,0,0
18,2/9/26,20260209,2026-02-09,M,0,0
18,2/9/26,20260209,2026-02-09,T,0,0
18,2/9/26,20260209,2026-02-09,W,0,0
18,2/9/26,20260209,2026-02-09,Th,0,0
18,2/9/26,20260209,2026-02-09,F,0,0
18,2/9/26,20260209,2026-02-09,Sa,0,0
18,2/9/26,20260209,2026-02-09,S,0,0
18,2/9/26,20260209,2026-02-09,M,0,0
18,2/9/26,20260209,2026-02-09,T,0,0
18,2/9/26,20260209,2026-02-09,W,0,0
18,2/9/26,20260209,2026-02-09,Th,0,0
18,2/9/26,20260209,2026-02-09,F,0,0
18,2/9/26,20260209,2026-02-09,Sa,0,0
18,2/9/26,20260209,2026-02-09,S,0,0
18,2/16/26,20260216,2026-02-16,M,0,0
18,2/16/26,20260216,2026-02-16,T,0,0
18,2/16/26,20260216,2026-02-16,W,0,0
18,2/16/26,20260216,2026-02-16,Th,0,0
18,2/16/26,20260216,2026-02-16,F,0,0
18,2/16/26,20260216,2026-02-16,Sa,0,0
18,2/16/26,20260216,2026-02-16,S,0,0
18,2/23/26,20260223,2026-02-23,M,0,0
18,2/23/26,20260223,2026-02-23,T,0,0
18,2/23/26,20260223,2026-02-23,W,0,0
18,2/23/26,20260223,2026-02-23,Th,0,0
18,2/23/26,20260223,2026-02-23,F,0,0
18,2/23/26,20260223,2026-02-23,Sa,0,0
18,2/23/26,20260223,2026-02-23,S,0,0
18,3/2/26,20260302,2026-03-02,M,0,0
18,3/2/26,20260302,2026-03-02,T,1,0
18,3/2/26,20260302,2026-03-02,W,0,0
18,3/2/26,20260302,2026-03-02,Th,0,0
18,3/2/26,20260302,2026-03-02,F,0,0
18,3/2/26,20260302,2026-03-02,Sa,0,0
18,3/2/26,20260302,2026-03-02,S,0,0
18,3/9/26,20260309,2026-03-09,M,0,0
18,3/9/26,20260309,2026-03-09,T,0,0
18,3/9/26,20260309,2026-03-09,W,0,0
18,3/9/26,20260309,2026-03-09,Th,0,0
18,3/9/26,20260309,2026-03-09,F,0,0
18,3/9/26,20260309,2026-03-09,Sa,0,0
18,3/9/26,20260309,2026-03-09,S,0,0
18,3/16/26,20260316,2026-03-16,M,0,0
18,3/16/26,20260316,2026-03-16,T,0,0
18,3/16/26,20260316,2026-03-16,W,0,0
18,3/16/26,20260316,2026-03-16,Th,0,0
18,3/16/26,20260316,2026-03-16,F,0,0
18,3/16/26,20260316,2026-03-16,Sa,0,0
18,3/16/26,20260316,2026-03-16,S,0,0
18,3/23/26,20260323,2026-03-23,M,0,0
18,3/23/26,20260323,2026-03-23,T,0,0
18,3/23/26,20260323,2026-03-23,W,0,0
18,3/23/26,20260323,2026-03-23,Th,0,0
18,3/23/26,20260323,2026-03-23,F,0,0
18,3/23/26,20260323,2026-03-23,Sa,0,0
18,3/23/26,20260323,2026-03-23,S,0,0
18,3/30/26,20260330,2026-03-30,M,0,0
18,3/30/26,20260330,2026-03-30,T,0,0
18,3/30/26,20260330,2026-03-30,W,0,0
18,3/30/26,20260330,2026-03-30,Th,0,0
18,3/30/26,20260330,2026-03-30,F,0,0
18,3/30/26,20260330,2026-03-30,Sa,0,0
18,3/30/26,20260330,2026-03-30,S,0,0
18,4/6/26,20260406,2026-04-06,M,0,0
18,4/6/26,20260406,2026-04-06,T,0,0
18,4/6/26,20260406,2026-04-06,W,0,0
18,4/6/26,20260406,2026-04-06,Th,0,0
18,4/6/26,20260406,2026-04-06,F,0,0
18,4/6/26,20260406,2026-04-06,Sa,0,0
18,4/6/26,20260406,2026-04-06,S,0,0
18,4/13/26,20260413,2026-04-13,M,0,0
18,4/13/26,20260413,2026-04-13,T,1,0
18,4/13/26,20260413,2026-04-13,W,0,0
18,4/13/26,20260413,2026-04-13,Th,1,0
18,4/13/26,20260413,2026-04-13,F,0,0
18,4/13/26,20260413,2026-04-13,Sa,0,0
18,4/13/26,20260413,2026-04-13,S,0,0
18,4/20/26,20260420,2026-04-20,M,0,0
18,4/20/26,20260420,2026-04-20,T,0,0
18,4/20/26,20260420,2026-04-20,W,0,0
18,4/20/26,20260420,2026-04-20,Th,0,0
18,4/20/26,20260420,2026-04-20,F,0,0
18,4/20/26,20260420,2026-04-20,Sa,0,0
18,4/20/26,20260420,2026-04-20,S,0,0
18,4/27/26,20260427,2026-04-27,M,0,0
18,4/27/26,20260427,2026-04-27,T,0,0
18,4/27/26,20260427,2026-04-27,W,0,0
18,4/27/26,20260427,2026-04-27,Th,0,0
18,4/27/26,20260427,2026-04-27,F,0,1
18,4/27/26,20260427,2026-04-27,Sa,0,0
18,4/27/26,20260427,2026-04-27,S,0,0
18,5/4/26,20260504,2026-05-04,M,0,1
18,5/4/26,20260504,2026-05-04,T,0,0
18,5/4/26,20260504,2026-05-04,W,0,0
18,5/4/26,20260504,2026-05-04,Th,0,0
18,5/4/26,20260504,2026-05-04,F,0,0
18,5/4/26,20260504,2026-05-04,Sa,0,0
18,5/4/26,20260504,2026-05-04,S,0,0
18,5/11/26,20260511,2026-05-11,M,0,0
18,5/11/26,20260511,2026-05-11,T,0,0
18,5/11/26,20260511,2026-05-11,W,0,0
18,5/11/26,20260511,2026-05-11,Th,0,0
18,5/11/26,20260511,2026-05-11,F,0,0
18,5/11/26,20260511,2026-05-11,Sa,0,0
18,5/11/26,20260511,2026-05-11,S,0,0
18,5/18/26,20260518,2026-05-18,M,0,0
18,5/18/26,20260518,2026-05-18,T,0,0
18,5/18/26,20260518,2026-05-18,W,1,0
18,5/18/26,20260518,2026-05-18,Th,0,0
18,5/18/26,20260518,2026-05-18,F,1,0
18,5/18/26,20260518,2026-05-18,Sa,0,0
18,5/18/26,20260518,2026-05-18,S,0,0
18,5/25/26,20260525,2026-05-25,M,0,0
18,5/25/26,20260525,2026-05-25,T,0,0
18,5/25/26,20260525,2026-05-25,W,0,0
18,5/25/26,20260525,2026-05-25,Th,0,0
18,5/25/26,20260525,2026-05-25,F,0,0
18,5/25/26,20260525,2026-05-25,Sa,0,0
18,5/25/26,20260525,2026-05-25,S,0,0
18,6/1/26,20260601,2026-06-01,M,0,0
18,6/1/26,20260601,2026-06-01,T,0,0
18,6/1/26,20260601,2026-06-01,W,0,0
18,6/1/26,20260601,2026-06-01,Th,0,0
18,6/1/26,20260601,2026-06-01,F,0,0
18,6/1/26,20260601,2026-06-01,Sa,0,0
18,6/1/26,20260601,2026-06-01,S,0,0
18,6/8/26,20260608,2026-06-08,M,0,1
18,6/8/26,20260608,2026-06-08,T,0,0
18,6/8/26,20260608,2026-06-08,W,0,0
18,6/8/26,20260608,2026-06-08,Th,0,0
18,6/8/26,20260608,2026-06-08,F,0,0
18,6/8/26,20260608,2026-06-08,Sa,0,0
18,6/8/26,20260608,2026-06-08,S,0,0
18,6/15/26,20260615,2026-06-15,M,0,0
18,6/15/26,20260615,2026-06-15,T,0,0
18,6/15/26,20260615,2026-06-15,W,0,0
18,6/15/26,20260615,2026-06-15,Th,0,0
18,6/15/26,20260615,2026-06-15,F,0,0
18,6/15/26,20260615,2026-06-15,Sa,0,0
18,6/15/26,20260615,2026-06-15,S,0,0
18,6/22/26,20260622,2026-06-22,M,0,0
18,6/22/26,20260622,2026-06-22,T,0,0
18,6/22/26,20260622,2026-06-22,W,0,0
18,6/22/26,20260622,2026-06-22,Th,0,0
18,6/22/26,20260622,2026-06-22,F,0,0
18,6/22/26,20260622,2026-06-22,Sa,0,0
18,6/22/26,20260622,2026-06-22,S,0,0
18,6/29/26,20260629,2026-06-29,M,0,0
18,6/29/26,20260629,2026-06-29,T,0,0
18,6/29/26,20260629,2026-06-29,W,0,0
18,6/29/26,20260629,2026-06-29,Th,0,0
18,6/29/26,20260629,2026-06-29,F,0,1
18,6/29/26,20260629,2026-06-29,Sa,0,0
18,6/29/26,20260629,2026-06-29,S,0,0
18,7/6/26,20260706,2026-07-06,M,0,0
18,7/6/26,20260706,2026-07-06,T,0,0
18,7/6/26,20260706,2026-07-06,W,0,0
18,7/6/26,20260706,2026-07-06,Th,0,0
18,7/6/26,20260706,2026-07-06,F,0,0
18,7/6/26,20260706,2026-07-06,Sa,0,0
18,7/6/26,20260706,2026-07-06,S,0,0
18,7/13/26,20260713,2026-07-13,M,0,0
18,7/13/26,20260713,2026-07-13,T,0,0
18,7/13/26,20260713,2026-07-13,W,0,0
18,7/13/26,20260713,2026-07-13,Th,0,0
18,7/13/26,20260713,2026-07-13,F,0,0
18,7/13/26,20260713,2026-07-13,Sa,0,0
18,7/13/26,20260713,2026-07-13,S,0,0
18,7/20/26,20260720,2026-07-20,M,0,0
18,7/20/26,20260720,2026-07-20,T,0,0
18,7/20/26,20260720,2026-07-20,W,0,0
18,7/20/26,20260720,2026-07-20,Th,0,0
18,7/20/26,20260720,2026-07-20,F,0,0
18,7/20/26,20260720,2026-07-20,Sa,0,0
18,7/20/26,20260720,2026-07-20,S,0,0
19,1/19/26,20260119,2026-01-19,M,1,0
19,1/19/26,20260119,2026-01-19,T,1,0
19,1/19/26,20260119,2026-01-19,W,1,1
19,1/19/26,20260119,2026-01-19,Th,0,1
19,1/19/26,20260119,2026-01-19,F,0,0
19,1/19/26,20260119,2026-01-19,Sa,1,0
19,1/19/26,20260119,2026-01-19,S,0,0
19,1/26/26,20260126,2026-01-26,M,0,0
19,1/26/26,20260126,2026-01-26,T,1,0
19,1/26/26,20260126,2026-01-26,W,1,0
19,1/26/26,20260126,2026-01-26,Th,1,0
19,1/26/26,20260126,2026-01-26,F,1,0
19,1/26/26,20260126,2026-01-26,Sa,0,1
19,1/26/26,20260126,2026-01-26,S,0,0
19,2/9/26,20260209,2026-02-09,M,0,0
19,2/9/26,20260209,2026-02-09,T,0,0
19,2/9/26,20260209,2026-02-09,W,0,0
19,2/9/26,20260209,2026-02-09,Th,0,0
19,2/9/26,20260209,2026-02-09,F,0,0
19,2/9/26,20260209,2026-02-09,Sa,0,0
19,2/9/26,20260209,2026-02-09,S,0,0
19,2/9/26,20260209,2026-02-09,M,0,0
19,2/9/26,20260209,2026-02-09,T,0,0
19,2/9/26,20260209,2026-02-09,W,0,0
19,2/9/26,20260209,2026-02-09,Th,0,0
19,2/9/26,20260209,2026-02-09,F,0,0
19,2/9/26,20260209,2026-02-09,Sa,0,0
19,2/9/26,20260209,2026-02-09,S,0,0
19,2/16/26,20260216,2026-02-16,M,0,0
19,2/16/26,20260216,2026-02-16,T,0,0
19,2/16/26,20260216,2026-02-16,W,0,0
19,2/16/26,20260216,2026-02-16,Th,0,0
19,2/16/26,20260216,2026-02-16,F,0,1
19,2/16/26,20260216,2026-02-16,Sa,0,0
19,2/16/26,20260216,2026-02-16,S,0,0
19,2/23/26,20260223,2026-02-23,M,0,0
19,2/23/26,20260223,2026-02-23,T,1,0
19,2/23/26,20260223,2026-02-23,W,1,0
19,2/23/26,20260223,2026-02-23,Th,1,1
19,2/23/26,20260223,2026-02-23,F,0,1
19,2/23/26,20260223,2026-02-23,Sa,0,1
19,2/23/26,20260223,2026-02-23,S,0,0
19,3/2/26,20260302,2026-03-02,M,1,0
19,3/2/26,20260302,2026-03-02,T,1,0
19,3/2/26,20260302,2026-03-02,W,1,0
19,3/2/26,20260302,2026-03-02,Th,1,0
19,3/2/26,20260302,2026-03-02,F,1,0
19,3/2/26,20260302,2026-03-02,Sa,1,0
19,3/2/26,20260302,2026-03-02,S,1,0
19,3/9/26,20260309,2026-03-09,M,0,0
19,3/9/26,20260309,2026-03-09,T,0,0
19,3/9/26,20260309,2026-03-09,W,0,0
19,3/9/26,20260309,2026-03-09,Th,0,0
19,3/9/26,20260309,2026-03-09,F,1,0
19,3/9/26,20260309,2026-03-09,Sa,0,0
19,3/9/26,20260309,2026-03-09,S,0,0
19,3/16/26,20260316,2026-03-16,M,1,0
19,3/16/26,20260316,2026-03-16,T,1,0
19,3/16/26,20260316,2026-03-16,W,1,0
19,3/16/26,20260316,2026-03-16,Th,1,0
19,3/16/26,20260316,2026-03-16,F,1,0
19,3/16/26,20260316,2026-03-16,Sa,1,0
19,3/16/26,20260316,2026-03-16,S,1,0
19,3/23/26,20260323,2026-03-23,M,1,0
19,3/23/26,20260323,2026-03-23,T,0,0
19,3/23/26,20260323,2026-03-23,W,0,0
19,3/23/26,20260323,2026-03-23,Th,0,0
19,3/23/26,20260323,2026-03-23,F,0,0
19,3/23/26,20260323,2026-03-23,Sa,0,0
19,3/23/26,20260323,2026-03-23,S,0,0
19,3/30/26,20260330,2026-03-30,M,1,0
19,3/30/26,20260330,2026-03-30,T,1,0
19,3/30/26,20260330,2026-03-30,W,0,0
19,3/30/26,20260330,2026-03-30,Th,0,0
19,3/30/26,20260330,2026-03-30,F,1,0
19,3/30/26,20260330,2026-03-30,Sa,1,0
19,3/30/26,20260330,2026-03-30,S,1,0
19,4/6/26,20260406,2026-04-06,M,0,0
19,4/6/26,20260406,2026-04-06,T,0,0
19,4/6/26,20260406,2026-04-06,W,0,0
19,4/6/26,20260406,2026-04-06,Th,0,0
19,4/6/26,20260406,2026-04-06,F,1,0
19,4/6/26,20260406,2026-04-06,Sa,0,0
19,4/6/26,20260406,2026-04-06,S,0,0
19,4/13/26,20260413,2026-04-13,M,0,0
19,4/13/26,20260413,2026-04-13,T,1,0
19,4/13/26,20260413,2026-04-13,W,0,0
19,4/13/26,20260413,2026-04-13,Th,1,0
19,4/13/26,20260413,2026-04-13,F,1,0
19,4/13/26,20260413,2026-04-13,Sa,0,0
19,4/13/26,20260413,2026-04-13,S,0,0
19,4/20/26,20260420,2026-04-20,M,1,0
19,4/20/26,20260420,2026-04-20,T,0,0
19,4/20/26,20260420,2026-04-20,W,1,0
19,4/20/26,20260420,2026-04-20,Th,0,0
19,4/20/26,20260420,2026-04-20,F,1,0
19,4/20/26,20260420,2026-04-20,Sa,1,0
19,4/20/26,20260420,2026-04-20,S,1,0
19,4/27/26,20260427,2026-04-27,M,1,0
19,4/27/26,20260427,2026-04-27,T,0,0
19,4/27/26,20260427,2026-04-27,W,1,0
19,4/27/26,20260427,2026-04-27,Th,1,0
19,4/27/26,20260427,2026-04-27,F,1,0
19,4/27/26,20260427,2026-04-27,Sa,0,0
19,4/27/26,20260427,2026-04-27,S,1,0
19,5/4/26,20260504,2026-05-04,M,1,1
19,5/4/26,20260504,2026-05-04,T,1,0
19,5/4/26,20260504,2026-05-04,W,1,0
19,5/4/26,20260504,2026-05-04,Th,1,0
19,5/4/26,20260504,2026-05-04,F,1,0
19,5/4/26,20260504,2026-05-04,Sa,1,0
19,5/4/26,20260504,2026-05-04,S,1,0
19,5/11/26,20260511,2026-05-11,M,0,0
19,5/11/26,20260511,2026-05-11,T,1,0
19,5/11/26,20260511,2026-05-11,W,1,0
19,5/11/26,20260511,2026-05-11,Th,0,0
19,5/11/26,20260511,2026-05-11,F,1,0
19,5/11/26,20260511,2026-05-11,Sa,0,0
19,5/11/26,20260511,2026-05-11,S,0,0
19,5/18/26,20260518,2026-05-18,M,0,0
19,5/18/26,20260518,2026-05-18,T,0,0
19,5/18/26,20260518,2026-05-18,W,1,0
19,5/18/26,20260518,2026-05-18,Th,1,0
19,5/18/26,20260518,2026-05-18,F,0,0
19,5/18/26,20260518,2026-05-18,Sa,0,0
19,5/18/26,20260518,2026-05-18,S,0,0
19,5/25/26,20260525,2026-05-25,M,0,1
19,5/25/26,20260525,2026-05-25,T,1,0
19,5/25/26,20260525,2026-05-25,W,0,0
19,5/25/26,20260525,2026-05-25,Th,1,1
19,5/25/26,20260525,2026-05-25,F,1,0
19,5/25/26,20260525,2026-05-25,Sa,0,0
19,5/25/26,20260525,2026-05-25,S,0,0
19,6/1/26,20260601,2026-06-01,M,0,0
19,6/1/26,20260601,2026-06-01,T,0,0
19,6/1/26,20260601,2026-06-01,W,1,0
19,6/1/26,20260601,2026-06-01,Th,0,1
19,6/1/26,20260601,2026-06-01,F,0,0
19,6/1/26,20260601,2026-06-01,Sa,0,0
19,6/1/26,20260601,2026-06-01,S,0,0
19,6/8/26,20260608,2026-06-08,M,0,0
19,6/8/26,20260608,2026-06-08,T,0,0
19,6/8/26,20260608,2026-06-08,W,0,0
19,6/8/26,20260608,2026-06-08,Th,1,0
19,6/8/26,20260608,2026-06-08,F,0,0
19,6/8/26,20260608,2026-06-08,Sa,0,0
19,6/8/26,20260608,2026-06-08,S,0,0
19,6/15/26,20260615,2026-06-15,M,0,1
19,6/15/26,20260615,2026-06-15,T,0,1
19,6/15/26,20260615,2026-06-15,W,1,0
19,6/15/26,20260615,2026-06-15,Th,1,0
19,6/15/26,20260615,2026-06-15,F,1,0
19,6/15/26,20260615,2026-06-15,Sa,0,0
19,6/15/26,20260615,2026-06-15,S,0,0
19,6/22/26,20260622,2026-06-22,M,1,1
19,6/22/26,20260622,2026-06-22,T,1,0
19,6/22/26,20260622,2026-06-22,W,1,1
19,6/22/26,20260622,2026-06-22,Th,1,1
19,6/22/26,20260622,2026-06-22,F,0,0
19,6/22/26,20260622,2026-06-22,Sa,0,0
19,6/22/26,20260622,2026-06-22,S,0,0
19,6/29/26,20260629,2026-06-29,M,0,0
19,6/29/26,20260629,2026-06-29,T,0,0
19,6/29/26,20260629,2026-06-29,W,1,0
19,6/29/26,20260629,2026-06-29,Th,1,0
19,6/29/26,20260629,2026-06-29,F,0,0
19,6/29/26,20260629,2026-06-29,Sa,0,0
19,6/29/26,20260629,2026-06-29,S,0,0
19,7/6/26,20260706,2026-07-06,M,0,0
19,7/6/26,20260706,2026-07-06,T,0,0
19,7/6/26,20260706,2026-07-06,W,0,0
19,7/6/26,20260706,2026-07-06,Th,0,0
19,7/6/26,20260706,2026-07-06,F,1,0
19,7/6/26,20260706,2026-07-06,Sa,0,0
19,7/6/26,20260706,2026-07-06,S,0,0
19,7/13/26,20260713,2026-07-13,M,0,0
19,7/13/26,20260713,2026-07-13,T,1,1
19,7/13/26,20260713,2026-07-13,W,0,1
19,7/13/26,20260713,2026-07-13,Th,0,1
19,7/13/26,20260713,2026-07-13,F,0,0
19,7/13/26,20260713,2026-07-13,Sa,1,0
19,7/13/26,20260713,2026-07-13,S,0,0
19,7/20/26,20260720,2026-07-20,M,0,1
19,7/20/26,20260720,2026-07-20,T,1,0
19,7/20/26,20260720,2026-07-20,W,0,1
19,7/20/26,20260720,2026-07-20,Th,0,0
19,7/20/26,20260720,2026-07-20,F,1,0
19,7/20/26,20260720,2026-07-20,Sa,0,0
19,7/20/26,20260720,2026-07-20,S,0,0
20,1/19/26,20260119,2026-01-19,M,0,0
20,1/19/26,20260119,2026-01-19,T,0,0
20,1/19/26,20260119,2026-01-19,W,0,0
20,1/19/26,20260119,2026-01-19,Th,0,0
20,1/19/26,20260119,2026-01-19,F,1,0
20,1/19/26,20260119,2026-01-19,Sa,0,1
20,1/19/26,20260119,2026-01-19,S,0,0
20,1/26/26,20260126,2026-01-26,M,0,0
20,1/26/26,20260126,2026-01-26,T,0,1
20,1/26/26,20260126,2026-01-26,W,0,0
20,1/26/26,20260126,2026-01-26,Th,0,1
20,1/26/26,20260126,2026-01-26,F,0,0
20,1/26/26,20260126,2026-01-26,Sa,0,0
20,1/26/26,20260126,2026-01-26,S,0,0
20,2/9/26,20260209,2026-02-09,M,0,0
20,2/9/26,20260209,2026-02-09,T,0,0
20,2/9/26,20260209,2026-02-09,W,0,0
20,2/9/26,20260209,2026-02-09,Th,1,0
20,2/9/26,20260209,2026-02-09,F,1,0
20,2/9/26,20260209,2026-02-09,Sa,0,0
20,2/9/26,20260209,2026-02-09,S,0,0
20,2/9/26,20260209,2026-02-09,M,0,0
20,2/9/26,20260209,2026-02-09,T,0,0
20,2/9/26,20260209,2026-02-09,W,0,0
20,2/9/26,20260209,2026-02-09,Th,1,0
20,2/9/26,20260209,2026-02-09,F,1,0
20,2/9/26,20260209,2026-02-09,Sa,0,0
20,2/9/26,20260209,2026-02-09,S,0,0
20,2/16/26,20260216,2026-02-16,M,0,0
20,2/16/26,20260216,2026-02-16,T,0,0
20,2/16/26,20260216,2026-02-16,W,0,0
20,2/16/26,20260216,2026-02-16,Th,1,0
20,2/16/26,20260216,2026-02-16,F,1,0
20,2/16/26,20260216,2026-02-16,Sa,0,0
20,2/16/26,20260216,2026-02-16,S,0,0
20,2/23/26,20260223,2026-02-23,M,0,0
20,2/23/26,20260223,2026-02-23,T,0,0
20,2/23/26,20260223,2026-02-23,W,1,0
20,2/23/26,20260223,2026-02-23,Th,0,0
20,2/23/26,20260223,2026-02-23,F,1,0
20,2/23/26,20260223,2026-02-23,Sa,0,0
20,2/23/26,20260223,2026-02-23,S,0,0
20,3/2/26,20260302,2026-03-02,M,1,1
20,3/2/26,20260302,2026-03-02,T,0,0
20,3/2/26,20260302,2026-03-02,W,1,1
20,3/2/26,20260302,2026-03-02,Th,0,1
20,3/2/26,20260302,2026-03-02,F,0,1
20,3/2/26,20260302,2026-03-02,Sa,0,0
20,3/2/26,20260302,2026-03-02,S,0,0
20,3/9/26,20260309,2026-03-09,M,1,0
20,3/9/26,20260309,2026-03-09,T,0,0
20,3/9/26,20260309,2026-03-09,W,1,1
20,3/9/26,20260309,2026-03-09,Th,1,0
20,3/9/26,20260309,2026-03-09,F,1,0
20,3/9/26,20260309,2026-03-09,Sa,0,0
20,3/9/26,20260309,2026-03-09,S,0,0
20,3/16/26,20260316,2026-03-16,M,0,0
20,3/16/26,20260316,2026-03-16,T,1,0
20,3/16/26,20260316,2026-03-16,W,1,0
20,3/16/26,20260316,2026-03-16,Th,1,0
20,3/16/26,20260316,2026-03-16,F,1,1
20,3/16/26,20260316,2026-03-16,Sa,0,0
20,3/16/26,20260316,2026-03-16,S,0,0
20,3/23/26,20260323,2026-03-23,M,0,0
20,3/23/26,20260323,2026-03-23,T,0,0
20,3/23/26,20260323,2026-03-23,W,0,0
20,3/23/26,20260323,2026-03-23,Th,0,0
20,3/23/26,20260323,2026-03-23,F,0,1
20,3/23/26,20260323,2026-03-23,Sa,0,0
20,3/23/26,20260323,2026-03-23,S,0,0
20,3/30/26,20260330,2026-03-30,M,0,0
20,3/30/26,20260330,2026-03-30,T,0,0
20,3/30/26,20260330,2026-03-30,W,0,1
20,3/30/26,20260330,2026-03-30,Th,1,0
20,3/30/26,20260330,2026-03-30,F,0,1
20,3/30/26,20260330,2026-03-30,Sa,0,0
20,3/30/26,20260330,2026-03-30,S,0,0
20,4/6/26,20260406,2026-04-06,M,0,1
20,4/6/26,20260406,2026-04-06,T,1,0
20,4/6/26,20260406,2026-04-06,W,0,0
20,4/6/26,20260406,2026-04-06,Th,0,0
20,4/6/26,20260406,2026-04-06,F,0,1
20,4/6/26,20260406,2026-04-06,Sa,0,0
20,4/6/26,20260406,2026-04-06,S,0,0
20,4/13/26,20260413,2026-04-13,M,0,0
20,4/13/26,20260413,2026-04-13,T,0,0
20,4/13/26,20260413,2026-04-13,W,0,0
20,4/13/26,20260413,2026-04-13,Th,1,1
20,4/13/26,20260413,2026-04-13,F,1,0
20,4/13/26,20260413,2026-04-13,Sa,0,0
20,4/13/26,20260413,2026-04-13,S,0,0
20,4/20/26,20260420,2026-04-20,M,0,1
20,4/20/26,20260420,2026-04-20,T,1,0
20,4/20/26,20260420,2026-04-20,W,1,0
20,4/20/26,20260420,2026-04-20,Th,1,0
20,4/20/26,20260420,2026-04-20,F,1,1
20,4/20/26,20260420,2026-04-20,Sa,0,0
20,4/20/26,20260420,2026-04-20,S,0,0
20,4/27/26,20260427,2026-04-27,M,0,0
20,4/27/26,20260427,2026-04-27,T,1,0
20,4/27/26,20260427,2026-04-27,W,0,1
20,4/27/26,20260427,2026-04-27,Th,1,1
20,4/27/26,20260427,2026-04-27,F,1,1
20,4/27/26,20260427,2026-04-27,Sa,0,0
20,4/27/26,20260427,2026-04-27,S,0,0
20,5/4/26,20260504,2026-05-04,M,1,1
20,5/4/26,20260504,2026-05-04,T,1,0
20,5/4/26,20260504,2026-05-04,W,0,0
20,5/4/26,20260504,2026-05-04,Th,1,1
20,5/4/26,20260504,2026-05-04,F,1,1
20,5/4/26,20260504,2026-05-04,Sa,0,0
20,5/4/26,20260504,2026-05-04,S,0,0
20,5/11/26,20260511,2026-05-11,M,1,0
20,5/11/26,20260511,2026-05-11,T,1,1
20,5/11/26,20260511,2026-05-11,W,0,1
20,5/11/26,20260511,2026-05-11,Th,1,1
20,5/11/26,20260511,2026-05-11,F,0,1
20,5/11/26,20260511,2026-05-11,Sa,0,0
20,5/11/26,20260511,2026-05-11,S,0,0
20,5/18/26,20260518,2026-05-18,M,1,1
20,5/18/26,20260518,2026-05-18,T,0,0
20,5/18/26,20260518,2026-05-18,W,1,1
20,5/18/26,20260518,2026-05-18,Th,0,1
20,5/18/26,20260518,2026-05-18,F,0,1
20,5/18/26,20260518,2026-05-18,Sa,0,0
20,5/18/26,20260518,2026-05-18,S,0,0
20,5/25/26,20260525,2026-05-25,M,1,0
20,5/25/26,20260525,2026-05-25,T,0,0
20,5/25/26,20260525,2026-05-25,W,0,0
20,5/25/26,20260525,2026-05-25,Th,0,1
20,5/25/26,20260525,2026-05-25,F,0,1
20,5/25/26,20260525,2026-05-25,Sa,0,0
20,5/25/26,20260525,2026-05-25,S,0,0
20,6/1/26,20260601,2026-06-01,M,0,0
20,6/1/26,20260601,2026-06-01,T,0,0
20,6/1/26,20260601,2026-06-01,W,1,0
20,6/1/26,20260601,2026-06-01,Th,0,0
20,6/1/26,20260601,2026-06-01,F,0,1
20,6/1/26,20260601,2026-06-01,Sa,0,0
20,6/1/26,20260601,2026-06-01,S,0,0
20,6/8/26,20260608,2026-06-08,M,0,0
20,6/8/26,20260608,2026-06-08,T,0,0
20,6/8/26,20260608,2026-06-08,W,0,0
20,6/8/26,20260608,2026-06-08,Th,0,0
20,6/8/26,20260608,2026-06-08,F,0,1
20,6/8/26,20260608,2026-06-08,Sa,0,0
20,6/8/26,20260608,2026-06-08,S,1,0
20,6/15/26,20260615,2026-06-15,M,1,0
20,6/15/26,20260615,2026-06-15,T,0,1
20,6/15/26,20260615,2026-06-15,W,0,0
20,6/15/26,20260615,2026-06-15,Th,1,1
20,6/15/26,20260615,2026-06-15,F,0,1
20,6/15/26,20260615,2026-06-15,Sa,0,0
20,6/15/26,20260615,2026-06-15,S,0,0
20,6/22/26,20260622,2026-06-22,M,1,0
20,6/22/26,20260622,2026-06-22,T,0,0
20,6/22/26,20260622,2026-06-22,W,0,0
20,6/22/26,20260622,2026-06-22,Th,1,0
20,6/22/26,20260622,2026-06-22,F,0,0
20,6/22/26,20260622,2026-06-22,Sa,0,0
20,6/22/26,20260622,2026-06-22,S,0,0
20,6/29/26,20260629,2026-06-29,M,0,0
20,6/29/26,20260629,2026-06-29,T,1,0
20,6/29/26,20260629,2026-06-29,W,0,0
20,6/29/26,20260629,2026-06-29,Th,1,0
20,6/29/26,20260629,2026-06-29,F,0,0
20,6/29/26,20260629,2026-06-29,Sa,0,0
20,6/29/26,20260629,2026-06-29,S,0,0
20,7/6/26,20260706,2026-07-06,M,0,1
20,7/6/26,20260706,2026-07-06,T,0,0
20,7/6/26,20260706,2026-07-06,W,0,0
20,7/6/26,20260706,2026-07-06,Th,0,0
20,7/6/26,20260706,2026-07-06,F,1,0
20,7/6/26,20260706,2026-07-06,Sa,0,0
20,7/6/26,20260706,2026-07-06,S,0,0
20,7/13/26,20260713,2026-07-13,M,0,0
20,7/13/26,20260713,2026-07-13,T,0,0
20,7/13/26,20260713,2026-07-13,W,1,0
20,7/13/26,20260713,2026-07-13,Th,0,0
20,7/13/26,20260713,2026-07-13,F,0,1
20,7/13/26,20260713,2026-07-13,Sa,0,0
20,7/13/26,20260713,2026-07-13,S,0,0
20,7/20/26,20260720,2026-07-20,M,0,0
20,7/20/26,20260720,2026-07-20,T,1,0
20,7/20/26,20260720,2026-07-20,W,1,0
20,7/20/26,20260720,2026-07-20,Th,0,1
20,7/20/26,20260720,2026-07-20,F,1,1
20,7/20/26,20260720,2026-07-20,Sa,0,0
20,7/20/26,20260720,2026-07-20,S,0,0
21,1/19/26,20260119,2026-01-19,M,0,0
21,1/19/26,20260119,2026-01-19,T,0,0
21,1/19/26,20260119,2026-01-19,W,1,0
21,1/19/26,20260119,2026-01-19,Th,1,1
21,1/19/26,20260119,2026-01-19,F,1,1
21,1/19/26,20260119,2026-01-19,Sa,1,0
21,1/19/26,20260119,2026-01-19,S,0,1
21,1/26/26,20260126,2026-01-26,M,1,1
21,1/26/26,20260126,2026-01-26,T,1,1
21,1/26/26,20260126,2026-01-26,W,1,0
21,1/26/26,20260126,2026-01-26,Th,0,1
21,1/26/26,20260126,2026-01-26,F,1,0
21,1/26/26,20260126,2026-01-26,Sa,0,0
21,1/26/26,20260126,2026-01-26,S,0,0
21,2/9/26,20260209,2026-02-09,M,0,0
21,2/9/26,20260209,2026-02-09,T,0,0
21,2/9/26,20260209,2026-02-09,W,0,0
21,2/9/26,20260209,2026-02-09,Th,1,0
21,2/9/26,20260209,2026-02-09,F,0,0
21,2/9/26,20260209,2026-02-09,Sa,0,0
21,2/9/26,20260209,2026-02-09,S,0,0
21,2/9/26,20260209,2026-02-09,M,0,0
21,2/9/26,20260209,2026-02-09,T,0,0
21,2/9/26,20260209,2026-02-09,W,0,0
21,2/9/26,20260209,2026-02-09,Th,1,0
21,2/9/26,20260209,2026-02-09,F,0,0
21,2/9/26,20260209,2026-02-09,Sa,0,0
21,2/9/26,20260209,2026-02-09,S,0,0
21,2/16/26,20260216,2026-02-16,M,0,1
21,2/16/26,20260216,2026-02-16,T,0,0
21,2/16/26,20260216,2026-02-16,W,0,0
21,2/16/26,20260216,2026-02-16,Th,0,0
21,2/16/26,20260216,2026-02-16,F,0,0
21,2/16/26,20260216,2026-02-16,Sa,0,0
21,2/16/26,20260216,2026-02-16,S,0,0
21,2/23/26,20260223,2026-02-23,M,0,0
21,2/23/26,20260223,2026-02-23,T,0,1
21,2/23/26,20260223,2026-02-23,W,0,0
21,2/23/26,20260223,2026-02-23,Th,1,0
21,2/23/26,20260223,2026-02-23,F,0,0
21,2/23/26,20260223,2026-02-23,Sa,0,0
21,2/23/26,20260223,2026-02-23,S,0,0
21,3/2/26,20260302,2026-03-02,M,1,0
21,3/2/26,20260302,2026-03-02,T,0,0
21,3/2/26,20260302,2026-03-02,W,1,1
21,3/2/26,20260302,2026-03-02,Th,1,0
21,3/2/26,20260302,2026-03-02,F,0,0
21,3/2/26,20260302,2026-03-02,Sa,0,0
21,3/2/26,20260302,2026-03-02,S,0,0
21,3/9/26,20260309,2026-03-09,M,0,1
21,3/9/26,20260309,2026-03-09,T,0,0
21,3/9/26,20260309,2026-03-09,W,0,1
21,3/9/26,20260309,2026-03-09,Th,0,1
21,3/9/26,20260309,2026-03-09,F,1,0
21,3/9/26,20260309,2026-03-09,Sa,0,0
21,3/9/26,20260309,2026-03-09,S,0,0
21,3/16/26,20260316,2026-03-16,M,0,0
21,3/16/26,20260316,2026-03-16,T,0,0
21,3/16/26,20260316,2026-03-16,W,0,0
21,3/16/26,20260316,2026-03-16,Th,1,0
21,3/16/26,20260316,2026-03-16,F,1,1
21,3/16/26,20260316,2026-03-16,Sa,0,0
21,3/16/26,20260316,2026-03-16,S,0,0
21,3/23/26,20260323,2026-03-23,M,0,0
21,3/23/26,20260323,2026-03-23,T,0,0
21,3/23/26,20260323,2026-03-23,W,1,0
21,3/23/26,20260323,2026-03-23,Th,1,0
21,3/23/26,20260323,2026-03-23,F,0,1
21,3/23/26,20260323,2026-03-23,Sa,0,0
21,3/23/26,20260323,2026-03-23,S,0,0
21,3/30/26,20260330,2026-03-30,M,0,0
21,3/30/26,20260330,2026-03-30,T,1,0
21,3/30/26,20260330,2026-03-30,W,0,0
21,3/30/26,20260330,2026-03-30,Th,1,0
21,3/30/26,20260330,2026-03-30,F,0,1
21,3/30/26,20260330,2026-03-30,Sa,0,0
21,3/30/26,20260330,2026-03-30,S,0,0
21,4/6/26,20260406,2026-04-06,M,1,0
21,4/6/26,20260406,2026-04-06,T,1,1
21,4/6/26,20260406,2026-04-06,W,1,0
21,4/6/26,20260406,2026-04-06,Th,1,1
21,4/6/26,20260406,2026-04-06,F,0,0
21,4/6/26,20260406,2026-04-06,Sa,0,0
21,4/6/26,20260406,2026-04-06,S,0,0
21,4/13/26,20260413,2026-04-13,M,0,0
21,4/13/26,20260413,2026-04-13,T,0,0
21,4/13/26,20260413,2026-04-13,W,0,1
21,4/13/26,20260413,2026-04-13,Th,1,0
21,4/13/26,20260413,2026-04-13,F,0,1
21,4/13/26,20260413,2026-04-13,Sa,0,0
21,4/13/26,20260413,2026-04-13,S,0,0
21,4/20/26,20260420,2026-04-20,M,0,0
21,4/20/26,20260420,2026-04-20,T,0,0
21,4/20/26,20260420,2026-04-20,W,0,1
21,4/20/26,20260420,2026-04-20,Th,1,0
21,4/20/26,20260420,2026-04-20,F,0,0
21,4/20/26,20260420,2026-04-20,Sa,0,0
21,4/20/26,20260420,2026-04-20,S,0,0
21,4/27/26,20260427,2026-04-27,M,1,0
21,4/27/26,20260427,2026-04-27,T,1,1
21,4/27/26,20260427,2026-04-27,W,0,1
21,4/27/26,20260427,2026-04-27,Th,0,0
21,4/27/26,20260427,2026-04-27,F,1,0
21,4/27/26,20260427,2026-04-27,Sa,0,0
21,4/27/26,20260427,2026-04-27,S,0,0
21,5/4/26,20260504,2026-05-04,M,0,0
21,5/4/26,20260504,2026-05-04,T,1,0
21,5/4/26,20260504,2026-05-04,W,1,0
21,5/4/26,20260504,2026-05-04,Th,1,0
21,5/4/26,20260504,2026-05-04,F,1,1
21,5/4/26,20260504,2026-05-04,Sa,0,0
21,5/4/26,20260504,2026-05-04,S,0,0
21,5/11/26,20260511,2026-05-11,M,1,0
21,5/11/26,20260511,2026-05-11,T,1,1
21,5/11/26,20260511,2026-05-11,W,0,0
21,5/11/26,20260511,2026-05-11,Th,1,0
21,5/11/26,20260511,2026-05-11,F,1,0
21,5/11/26,20260511,2026-05-11,Sa,0,1
21,5/11/26,20260511,2026-05-11,S,0,1
21,5/18/26,20260518,2026-05-18,M,1,0
21,5/18/26,20260518,2026-05-18,T,1,0
21,5/18/26,20260518,2026-05-18,W,1,1
21,5/18/26,20260518,2026-05-18,Th,0,0
21,5/18/26,20260518,2026-05-18,F,1,0
21,5/18/26,20260518,2026-05-18,Sa,0,0
21,5/18/26,20260518,2026-05-18,S,0,0
21,5/25/26,20260525,2026-05-25,M,1,0
21,5/25/26,20260525,2026-05-25,T,1,0
21,5/25/26,20260525,2026-05-25,W,0,0
21,5/25/26,20260525,2026-05-25,Th,1,1
21,5/25/26,20260525,2026-05-25,F,1,0
21,5/25/26,20260525,2026-05-25,Sa,0,0
21,5/25/26,20260525,2026-05-25,S,1,0
21,6/1/26,20260601,2026-06-01,M,1,0
21,6/1/26,20260601,2026-06-01,T,1,0
21,6/1/26,20260601,2026-06-01,W,1,0
21,6/1/26,20260601,2026-06-01,Th,0,0
21,6/1/26,20260601,2026-06-01,F,1,1
21,6/1/26,20260601,2026-06-01,Sa,0,0
21,6/1/26,20260601,2026-06-01,S,1,0
21,6/8/26,20260608,2026-06-08,M,0,0
21,6/8/26,20260608,2026-06-08,T,0,0
21,6/8/26,20260608,2026-06-08,W,0,0
21,6/8/26,20260608,2026-06-08,Th,0,0
21,6/8/26,20260608,2026-06-08,F,1,0
21,6/8/26,20260608,2026-06-08,Sa,0,0
21,6/8/26,20260608,2026-06-08,S,1,0
21,6/15/26,20260615,2026-06-15,M,0,0
21,6/15/26,20260615,2026-06-15,T,0,0
21,6/15/26,20260615,2026-06-15,W,0,0
21,6/15/26,20260615,2026-06-15,Th,1,0
21,6/15/26,20260615,2026-06-15,F,0,0
21,6/15/26,20260615,2026-06-15,Sa,0,0
21,6/15/26,20260615,2026-06-15,S,0,0
21,6/22/26,20260622,2026-06-22,M,0,0
21,6/22/26,20260622,2026-06-22,T,0,0
21,6/22/26,20260622,2026-06-22,W,0,0
21,6/22/26,20260622,2026-06-22,Th,1,1
21,6/22/26,20260622,2026-06-22,F,0,0
21,6/22/26,20260622,2026-06-22,Sa,0,0
21,6/22/26,20260622,2026-06-22,S,0,0
21,6/29/26,20260629,2026-06-29,M,1,0
21,6/29/26,20260629,2026-06-29,T,1,0
21,6/29/26,20260629,2026-06-29,W,1,0
21,6/29/26,20260629,2026-06-29,Th,1,0
21,6/29/26,20260629,2026-06-29,F,0,0
21,6/29/26,20260629,2026-06-29,Sa,0,0
21,6/29/26,20260629,2026-06-29,S,0,0
21,7/6/26,20260706,2026-07-06,M,0,0
21,7/6/26,20260706,2026-07-06,T,0,0
21,7/6/26,20260706,2026-07-06,W,0,0
21,7/6/26,20260706,2026-07-06,Th,0,0
21,7/6/26,20260706,2026-07-06,F,1,0
21,7/6/26,20260706,2026-07-06,Sa,0,0
21,7/6/26,20260706,2026-07-06,S,0,0
21,7/13/26,20260713,2026-07-13,M,0,0
21,7/13/26,20260713,2026-07-13,T,0,0
21,7/13/26,20260713,2026-07-13,W,0,0
21,7/13/26,20260713,2026-07-13,Th,0,0
21,7/13/26,20260713,2026-07-13,F,0,0
21,7/13/26,20260713,2026-07-13,Sa,0,0
21,7/13/26,20260713,2026-07-13,S,0,0
21,7/20/26,20260720,2026-07-20,M,0,0
21,7/20/26,20260720,2026-07-20,T,1,0
21,7/20/26,20260720,2026-07-20,W,0,1
21,7/20/26,20260720,2026-07-20,Th,0,1
21,7/20/26,20260720,2026-07-20,F,0,0
21,7/20/26,20260720,2026-07-20,Sa,0,0
21,7/20/26,20260720,2026-07-20,S,0,0
22,1/19/26,20260119,2026-01-19,M,1,0
22,1/19/26,20260119,2026-01-19,T,1,0
22,1/19/26,20260119,2026-01-19,W,0,0
22,1/19/26,20260119,2026-01-19,Th,0,0
22,1/19/26,20260119,2026-01-19,F,0,0
22,1/19/26,20260119,2026-01-19,Sa,0,0
22,1/19/26,20260119,2026-01-19,S,1,0
22,1/26/26,20260126,2026-01-26,M,0,0
22,1/26/26,20260126,2026-01-26,T,0,0
22,1/26/26,20260126,2026-01-26,W,0,0
22,1/26/26,20260126,2026-01-26,Th,0,0
22,1/26/26,20260126,2026-01-26,F,0,0
22,1/26/26,20260126,2026-01-26,Sa,0,0
22,1/26/26,20260126,2026-01-26,S,0,0
22,2/9/26,20260209,2026-02-09,M,0,0
22,2/9/26,20260209,2026-02-09,T,0,0
22,2/9/26,20260209,2026-02-09,W,0,0
22,2/9/26,20260209,2026-02-09,Th,1,0
22,2/9/26,20260209,2026-02-09,F,0,0
22,2/9/26,20260209,2026-02-09,Sa,0,0
22,2/9/26,20260209,2026-02-09,S,0,0
22,2/9/26,20260209,2026-02-09,M,0,0
22,2/9/26,20260209,2026-02-09,T,0,0
22,2/9/26,20260209,2026-02-09,W,0,0
22,2/9/26,20260209,2026-02-09,Th,1,0
22,2/9/26,20260209,2026-02-09,F,0,0
22,2/9/26,20260209,2026-02-09,Sa,0,0
22,2/9/26,20260209,2026-02-09,S,0,0
22,2/16/26,20260216,2026-02-16,M,0,0
22,2/16/26,20260216,2026-02-16,T,0,0
22,2/16/26,20260216,2026-02-16,W,1,0
22,2/16/26,20260216,2026-02-16,Th,0,0
22,2/16/26,20260216,2026-02-16,F,1,0
22,2/16/26,20260216,2026-02-16,Sa,0,0
22,2/16/26,20260216,2026-02-16,S,0,0
22,2/23/26,20260223,2026-02-23,M,0,0
22,2/23/26,20260223,2026-02-23,T,0,0
22,2/23/26,20260223,2026-02-23,W,0,0
22,2/23/26,20260223,2026-02-23,Th,0,0
22,2/23/26,20260223,2026-02-23,F,0,0
22,2/23/26,20260223,2026-02-23,Sa,0,0
22,2/23/26,20260223,2026-02-23,S,0,0
22,3/2/26,20260302,2026-03-02,M,0,0
22,3/2/26,20260302,2026-03-02,T,0,1
22,3/2/26,20260302,2026-03-02,W,0,0
22,3/2/26,20260302,2026-03-02,Th,0,0
22,3/2/26,20260302,2026-03-02,F,0,0
22,3/2/26,20260302,2026-03-02,Sa,0,0
22,3/2/26,20260302,2026-03-02,S,0,0
22,3/9/26,20260309,2026-03-09,M,0,1
22,3/9/26,20260309,2026-03-09,T,0,0
22,3/9/26,20260309,2026-03-09,W,0,0
22,3/9/26,20260309,2026-03-09,Th,0,0
22,3/9/26,20260309,2026-03-09,F,0,0
22,3/9/26,20260309,2026-03-09,Sa,0,0
22,3/9/26,20260309,2026-03-09,S,0,0
22,3/16/26,20260316,2026-03-16,M,0,0
22,3/16/26,20260316,2026-03-16,T,0,0
22,3/16/26,20260316,2026-03-16,W,0,0
22,3/16/26,20260316,2026-03-16,Th,0,0
22,3/16/26,20260316,2026-03-16,F,0,0
22,3/16/26,20260316,2026-03-16,Sa,0,0
22,3/16/26,20260316,2026-03-16,S,0,0
22,3/23/26,20260323,2026-03-23,M,0,0
22,3/23/26,20260323,2026-03-23,T,0,0
22,3/23/26,20260323,2026-03-23,W,0,0
22,3/23/26,20260323,2026-03-23,Th,0,0
22,3/23/26,20260323,2026-03-23,F,0,0
22,3/23/26,20260323,2026-03-23,Sa,0,0
22,3/23/26,20260323,2026-03-23,S,0,0
22,3/30/26,20260330,2026-03-30,M,0,0
22,3/30/26,20260330,2026-03-30,T,0,1
22,3/30/26,20260330,2026-03-30,W,1,0
22,3/30/26,20260330,2026-03-30,Th,0,0
22,3/30/26,20260330,2026-03-30,F,0,0
22,3/30/26,20260330,2026-03-30,Sa,0,0
22,3/30/26,20260330,2026-03-30,S,0,0
22,4/6/26,20260406,2026-04-06,M,0,0
22,4/6/26,20260406,2026-04-06,T,1,0
22,4/6/26,20260406,2026-04-06,W,0,0
22,4/6/26,20260406,2026-04-06,Th,0,0
22,4/6/26,20260406,2026-04-06,F,0,0
22,4/6/26,20260406,2026-04-06,Sa,0,0
22,4/6/26,20260406,2026-04-06,S,0,0
22,4/13/26,20260413,2026-04-13,M,0,0
22,4/13/26,20260413,2026-04-13,T,0,1
22,4/13/26,20260413,2026-04-13,W,0,1
22,4/13/26,20260413,2026-04-13,Th,1,1
22,4/13/26,20260413,2026-04-13,F,0,0
22,4/13/26,20260413,2026-04-13,Sa,0,0
22,4/13/26,20260413,2026-04-13,S,1,0
22,4/20/26,20260420,2026-04-20,M,1,0
22,4/20/26,20260420,2026-04-20,T,0,0
22,4/20/26,20260420,2026-04-20,W,0,0
22,4/20/26,20260420,2026-04-20,Th,0,1
22,4/20/26,20260420,2026-04-20,F,0,0
22,4/20/26,20260420,2026-04-20,Sa,1,0
22,4/20/26,20260420,2026-04-20,S,1,0
22,4/27/26,20260427,2026-04-27,M,1,0
22,4/27/26,20260427,2026-04-27,T,0,0
22,4/27/26,20260427,2026-04-27,W,1,0
22,4/27/26,20260427,2026-04-27,Th,0,0
22,4/27/26,20260427,2026-04-27,F,1,0
22,4/27/26,20260427,2026-04-27,Sa,1,0
22,4/27/26,20260427,2026-04-27,S,0,0
22,5/4/26,20260504,2026-05-04,M,0,0
22,5/4/26,20260504,2026-05-04,T,0,1
22,5/4/26,20260504,2026-05-04,W,1,0
22,5/4/26,20260504,2026-05-04,Th,0,0
22,5/4/26,20260504,2026-05-04,F,0,0
22,5/4/26,20260504,2026-05-04,Sa,0,0
22,5/4/26,20260504,2026-05-04,S,1,0
22,5/11/26,20260511,2026-05-11,M,0,0
22,5/11/26,20260511,2026-05-11,T,1,1
22,5/11/26,20260511,2026-05-11,W,0,0
22,5/11/26,20260511,2026-05-11,Th,0,0
22,5/11/26,20260511,2026-05-11,F,1,0
22,5/11/26,20260511,2026-05-11,Sa,0,0
22,5/11/26,20260511,2026-05-11,S,0,0
22,5/18/26,20260518,2026-05-18,M,1,0
22,5/18/26,20260518,2026-05-18,T,0,0
22,5/18/26,20260518,2026-05-18,W,1,0
22,5/18/26,20260518,2026-05-18,Th,0,0
22,5/18/26,20260518,2026-05-18,F,0,0
22,5/18/26,20260518,2026-05-18,Sa,0,0
22,5/18/26,20260518,2026-05-18,S,1,0
22,5/25/26,20260525,2026-05-25,M,0,0
22,5/25/26,20260525,2026-05-25,T,1,0
22,5/25/26,20260525,2026-05-25,W,0,0
22,5/25/26,20260525,2026-05-25,Th,0,0
22,5/25/26,20260525,2026-05-25,F,0,0
22,5/25/26,20260525,2026-05-25,Sa,0,0
22,5/25/26,20260525,2026-05-25,S,0,0
22,6/1/26,20260601,2026-06-01,M,0,0
22,6/1/26,20260601,2026-06-01,T,0,0
22,6/1/26,20260601,2026-06-01,W,1,1
22,6/1/26,20260601,2026-06-01,Th,0,0
22,6/1/26,20260601,2026-06-01,F,1,0
22,6/1/26,20260601,2026-06-01,Sa,0,1
22,6/1/26,20260601,2026-06-01,S,1,0
22,6/8/26,20260608,2026-06-08,M,0,0
22,6/8/26,20260608,2026-06-08,T,1,0
22,6/8/26,20260608,2026-06-08,W,0,0
22,6/8/26,20260608,2026-06-08,Th,1,1
22,6/8/26,20260608,2026-06-08,F,0,0
22,6/8/26,20260608,2026-06-08,Sa,0,0
22,6/8/26,20260608,2026-06-08,S,0,0
22,6/15/26,20260615,2026-06-15,M,0,0
22,6/15/26,20260615,2026-06-15,T,0,0
22,6/15/26,20260615,2026-06-15,W,1,0
22,6/15/26,20260615,2026-06-15,Th,0,0
22,6/15/26,20260615,2026-06-15,F,0,0
22,6/15/26,20260615,2026-06-15,Sa,0,0
22,6/15/26,20260615,2026-06-15,S,0,0
22,6/22/26,20260622,2026-06-22,M,0,0
22,6/22/26,20260622,2026-06-22,T,1,0
22,6/22/26,20260622,2026-06-22,W,0,0
22,6/22/26,20260622,2026-06-22,Th,1,1
22,6/22/26,20260622,2026-06-22,F,0,0
22,6/22/26,20260622,2026-06-22,Sa,0,0
22,6/22/26,20260622,2026-06-22,S,0,0
22,6/29/26,20260629,2026-06-29,M,0,0
22,6/29/26,20260629,2026-06-29,T,0,0
22,6/29/26,20260629,2026-06-29,W,0,0
22,6/29/26,20260629,2026-06-29,Th,1,0
22,6/29/26,20260629,2026-06-29,F,0,0
22,6/29/26,20260629,2026-06-29,Sa,0,0
22,6/29/26,20260629,2026-06-29,S,0,0
22,7/6/26,20260706,2026-07-06,M,0,0
22,7/6/26,20260706,2026-07-06,T,1,0
22,7/6/26,20260706,2026-07-06,W,1,1
22,7/6/26,20260706,2026-07-06,Th,0,0
22,7/6/26,20260706,2026-07-06,F,1,0
22,7/6/26,20260706,2026-07-06,Sa,0,0
22,7/6/26,20260706,2026-07-06,S,0,0
22,7/13/26,20260713,2026-07-13,M,0,0
22,7/13/26,20260713,2026-07-13,T,0,0
22,7/13/26,20260713,2026-07-13,W,1,0
22,7/13/26,20260713,2026-07-13,Th,0,0
22,7/13/26,20260713,2026-07-13,F,0,1
22,7/13/26,20260713,2026-07-13,Sa,1,0
22,7/13/26,20260713,2026-07-13,S,0,0
22,7/20/26,20260720,2026-07-20,M,1,0
22,7/20/26,20260720,2026-07-20,T,1,0
22,7/20/26,20260720,2026-07-20,W,0,0
22,7/20/26,20260720,2026-07-20,Th,0,0
22,7/20/26,20260720,2026-07-20,F,0,0
22,7/20/26,20260720,2026-07-20,Sa,0,0
22,7/20/26,20260720,2026-07-20,S,0,0
23,1/19/26,20260119,2026-01-19,M,1,0
23,1/19/26,20260119,2026-01-19,T,1,0
23,1/19/26,20260119,2026-01-19,W,1,0
23,1/19/26,20260119,2026-01-19,Th,0,0
23,1/19/26,20260119,2026-01-19,F,0,0
23,1/19/26,20260119,2026-01-19,Sa,0,0
23,1/19/26,20260119,2026-01-19,S,0,0
23,1/26/26,20260126,2026-01-26,M,0,0
23,1/26/26,20260126,2026-01-26,T,0,0
23,1/26/26,20260126,2026-01-26,W,0,0
23,1/26/26,20260126,2026-01-26,Th,0,0
23,1/26/26,20260126,2026-01-26,F,0,0
23,1/26/26,20260126,2026-01-26,Sa,0,0
23,1/26/26,20260126,2026-01-26,S,0,0
23,2/9/26,20260209,2026-02-09,M,0,0
23,2/9/26,20260209,2026-02-09,T,0,0
23,2/9/26,20260209,2026-02-09,W,1,0
23,2/9/26,20260209,2026-02-09,Th,0,0
23,2/9/26,20260209,2026-02-09,F,1,0
23,2/9/26,20260209,2026-02-09,Sa,0,0
23,2/9/26,20260209,2026-02-09,S,0,0
23,2/9/26,20260209,2026-02-09,M,0,0
23,2/9/26,20260209,2026-02-09,T,0,0
23,2/9/26,20260209,2026-02-09,W,1,0
23,2/9/26,20260209,2026-02-09,Th,0,0
23,2/9/26,20260209,2026-02-09,F,1,0
23,2/9/26,20260209,2026-02-09,Sa,0,0
23,2/9/26,20260209,2026-02-09,S,0,0
23,2/16/26,20260216,2026-02-16,M,0,0
23,2/16/26,20260216,2026-02-16,T,0,0
23,2/16/26,20260216,2026-02-16,W,0,0
23,2/16/26,20260216,2026-02-16,Th,0,0
23,2/16/26,20260216,2026-02-16,F,0,0
23,2/16/26,20260216,2026-02-16,Sa,0,0
23,2/16/26,20260216,2026-02-16,S,0,0
23,2/23/26,20260223,2026-02-23,M,0,0
23,2/23/26,20260223,2026-02-23,T,0,0
23,2/23/26,20260223,2026-02-23,W,0,0
23,2/23/26,20260223,2026-02-23,Th,0,0
23,2/23/26,20260223,2026-02-23,F,0,0
23,2/23/26,20260223,2026-02-23,Sa,0,0
23,2/23/26,20260223,2026-02-23,S,0,0
23,3/2/26,20260302,2026-03-02,M,0,0
23,3/2/26,20260302,2026-03-02,T,0,0
23,3/2/26,20260302,2026-03-02,W,0,0
23,3/2/26,20260302,2026-03-02,Th,0,0
23,3/2/26,20260302,2026-03-02,F,0,0
23,3/2/26,20260302,2026-03-02,Sa,0,0
23,3/2/26,20260302,2026-03-02,S,0,0
23,3/9/26,20260309,2026-03-09,M,0,0
23,3/9/26,20260309,2026-03-09,T,0,0
23,3/9/26,20260309,2026-03-09,W,0,0
23,3/9/26,20260309,2026-03-09,Th,0,0
23,3/9/26,20260309,2026-03-09,F,0,1
23,3/9/26,20260309,2026-03-09,Sa,0,0
23,3/9/26,20260309,2026-03-09,S,0,0
23,3/16/26,20260316,2026-03-16,M,0,0
23,3/16/26,20260316,2026-03-16,T,0,0
23,3/16/26,20260316,2026-03-16,W,0,0
23,3/16/26,20260316,2026-03-16,Th,0,0
23,3/16/26,20260316,2026-03-16,F,0,0
23,3/16/26,20260316,2026-03-16,Sa,0,0
23,3/16/26,20260316,2026-03-16,S,0,0
23,3/23/26,20260323,2026-03-23,M,0,0
23,3/23/26,20260323,2026-03-23,T,0,0
23,3/23/26,20260323,2026-03-23,W,0,0
23,3/23/26,20260323,2026-03-23,Th,0,0
23,3/23/26,20260323,2026-03-23,F,0,0
23,3/23/26,20260323,2026-03-23,Sa,0,0
23,3/23/26,20260323,2026-03-23,S,0,0
23,3/30/26,20260330,2026-03-30,M,0,0
23,3/30/26,20260330,2026-03-30,T,0,0
23,3/30/26,20260330,2026-03-30,W,0,0
23,3/30/26,20260330,2026-03-30,Th,0,0
23,3/30/26,20260330,2026-03-30,F,0,0
23,3/30/26,20260330,2026-03-30,Sa,0,0
23,3/30/26,20260330,2026-03-30,S,0,0
23,4/6/26,20260406,2026-04-06,M,0,0
23,4/6/26,20260406,2026-04-06,T,0,0
23,4/6/26,20260406,2026-04-06,W,0,0
23,4/6/26,20260406,2026-04-06,Th,0,0
23,4/6/26,20260406,2026-04-06,F,0,0
23,4/6/26,20260406,2026-04-06,Sa,0,0
23,4/6/26,20260406,2026-04-06,S,0,0
23,4/13/26,20260413,2026-04-13,M,0,0
23,4/13/26,20260413,2026-04-13,T,1,0
23,4/13/26,20260413,2026-04-13,W,0,0
23,4/13/26,20260413,2026-04-13,Th,0,0
23,4/13/26,20260413,2026-04-13,F,1,0
23,4/13/26,20260413,2026-04-13,Sa,0,0
23,4/13/26,20260413,2026-04-13,S,0,0
23,4/20/26,20260420,2026-04-20,M,0,0
23,4/20/26,20260420,2026-04-20,T,1,0
23,4/20/26,20260420,2026-04-20,W,1,0
23,4/20/26,20260420,2026-04-20,Th,0,0
23,4/20/26,20260420,2026-04-20,F,1,0
23,4/20/26,20260420,2026-04-20,Sa,0,0
23,4/20/26,20260420,2026-04-20,S,0,0
23,4/27/26,20260427,2026-04-27,M,0,0
23,4/27/26,20260427,2026-04-27,T,1,0
23,4/27/26,20260427,2026-04-27,W,1,0
23,4/27/26,20260427,2026-04-27,Th,0,0
23,4/27/26,20260427,2026-04-27,F,1,0
23,4/27/26,20260427,2026-04-27,Sa,0,0
23,4/27/26,20260427,2026-04-27,S,0,0
23,5/4/26,20260504,2026-05-04,M,1,0
23,5/4/26,20260504,2026-05-04,T,1,0
23,5/4/26,20260504,2026-05-04,W,0,0
23,5/4/26,20260504,2026-05-04,Th,0,1
23,5/4/26,20260504,2026-05-04,F,1,0
23,5/4/26,20260504,2026-05-04,Sa,0,0
23,5/4/26,20260504,2026-05-04,S,0,0
23,5/11/26,20260511,2026-05-11,M,0,0
23,5/11/26,20260511,2026-05-11,T,1,0
23,5/11/26,20260511,2026-05-11,W,0,0
23,5/11/26,20260511,2026-05-11,Th,0,0
23,5/11/26,20260511,2026-05-11,F,1,0
23,5/11/26,20260511,2026-05-11,Sa,0,0
23,5/11/26,20260511,2026-05-11,S,0,0
23,5/18/26,20260518,2026-05-18,M,0,0
23,5/18/26,20260518,2026-05-18,T,0,0
23,5/18/26,20260518,2026-05-18,W,1,1
23,5/18/26,20260518,2026-05-18,Th,0,0
23,5/18/26,20260518,2026-05-18,F,1,0
23,5/18/26,20260518,2026-05-18,Sa,0,0
23,5/18/26,20260518,2026-05-18,S,0,1
23,5/25/26,20260525,2026-05-25,M,0,0
23,5/25/26,20260525,2026-05-25,T,0,0
23,5/25/26,20260525,2026-05-25,W,1,0
23,5/25/26,20260525,2026-05-25,Th,1,0
23,5/25/26,20260525,2026-05-25,F,1,0
23,5/25/26,20260525,2026-05-25,Sa,0,0
23,5/25/26,20260525,2026-05-25,S,0,0
23,6/1/26,20260601,2026-06-01,M,0,0
23,6/1/26,20260601,2026-06-01,T,0,0
23,6/1/26,20260601,2026-06-01,W,0,0
23,6/1/26,20260601,2026-06-01,Th,0,0
23,6/1/26,20260601,2026-06-01,F,1,1
23,6/1/26,20260601,2026-06-01,Sa,0,0
23,6/1/26,20260601,2026-06-01,S,1,0
23,6/8/26,20260608,2026-06-08,M,0,0
23,6/8/26,20260608,2026-06-08,T,1,0
23,6/8/26,20260608,2026-06-08,W,0,0
23,6/8/26,20260608,2026-06-08,Th,0,0
23,6/8/26,20260608,2026-06-08,F,0,0
23,6/8/26,20260608,2026-06-08,Sa,0,0
23,6/8/26,20260608,2026-06-08,S,0,0
23,6/15/26,20260615,2026-06-15,M,0,0
23,6/15/26,20260615,2026-06-15,T,1,1
23,6/15/26,20260615,2026-06-15,W,0,0
23,6/15/26,20260615,2026-06-15,Th,1,0
23,6/15/26,20260615,2026-06-15,F,0,0
23,6/15/26,20260615,2026-06-15,Sa,0,1
23,6/15/26,20260615,2026-06-15,S,0,0
23,6/22/26,20260622,2026-06-22,M,0,0
23,6/22/26,20260622,2026-06-22,T,0,0
23,6/22/26,20260622,2026-06-22,W,1,0
23,6/22/26,20260622,2026-06-22,Th,1,0
23,6/22/26,20260622,2026-06-22,F,0,0
23,6/22/26,20260622,2026-06-22,Sa,0,1
23,6/22/26,20260622,2026-06-22,S,0,0
23,6/29/26,20260629,2026-06-29,M,1,0
23,6/29/26,20260629,2026-06-29,T,0,0
23,6/29/26,20260629,2026-06-29,W,0,0
23,6/29/26,20260629,2026-06-29,Th,1,0
23,6/29/26,20260629,2026-06-29,F,0,1
23,6/29/26,20260629,2026-06-29,Sa,0,0
23,6/29/26,20260629,2026-06-29,S,0,0
23,7/6/26,20260706,2026-07-06,M,0,0
23,7/6/26,20260706,2026-07-06,T,0,0
23,7/6/26,20260706,2026-07-06,W,0,0
23,7/6/26,20260706,2026-07-06,Th,1,0
23,7/6/26,20260706,2026-07-06,F,1,0
23,7/6/26,20260706,2026-07-06,Sa,0,0
23,7/6/26,20260706,2026-07-06,S,0,0
23,7/13/26,20260713,2026-07-13,M,0,0
23,7/13/26,20260713,2026-07-13,T,0,0
23,7/13/26,20260713,2026-07-13,W,0,0
23,7/13/26,20260713,2026-07-13,Th,0,0
23,7/13/26,20260713,2026-07-13,F,0,0
23,7/13/26,20260713,2026-07-13,Sa,0,0
23,7/13/26,20260713,2026-07-13,S,0,0
23,7/20/26,20260720,2026-07-20,M,0,0
23,7/20/26,20260720,2026-07-20,T,1,0
23,7/20/26,20260720,2026-07-20,W,0,0
23,7/20/26,20260720,2026-07-20,Th,0,0
23,7/20/26,20260720,2026-07-20,F,0,0
23,7/20/26,20260720,2026-07-20,Sa,0,0
23,7/20/26,20260720,2026-07-20,S,0,0
24,1/19/26,20260119,2026-01-19,M,0,0
24,1/19/26,20260119,2026-01-19,T,0,0
24,1/19/26,20260119,2026-01-19,W,0,0
24,1/19/26,20260119,2026-01-19,Th,0,0
24,1/19/26,20260119,2026-01-19,F,0,0
24,1/19/26,20260119,2026-01-19,Sa,0,0
24,1/19/26,20260119,2026-01-19,S,0,0
24,1/26/26,20260126,2026-01-26,M,0,0
24,1/26/26,20260126,2026-01-26,T,0,0
24,1/26/26,20260126,2026-01-26,W,0,0
24,1/26/26,20260126,2026-01-26,Th,0,0
24,1/26/26,20260126,2026-01-26,F,0,0
24,1/26/26,20260126,2026-01-26,Sa,0,0
24,1/26/26,20260126,2026-01-26,S,0,0
24,2/9/26,20260209,2026-02-09,M,0,0
24,2/9/26,20260209,2026-02-09,T,0,0
24,2/9/26,20260209,2026-02-09,W,1,0
24,2/9/26,20260209,2026-02-09,Th,0,0
24,2/9/26,20260209,2026-02-09,F,1,0
24,2/9/26,20260209,2026-02-09,Sa,0,0
24,2/9/26,20260209,2026-02-09,S,0,0
24,2/9/26,20260209,2026-02-09,M,0,0
24,2/9/26,20260209,2026-02-09,T,0,0
24,2/9/26,20260209,2026-02-09,W,1,0
24,2/9/26,20260209,2026-02-09,Th,0,0
24,2/9/26,20260209,2026-02-09,F,1,0
24,2/9/26,20260209,2026-02-09,Sa,0,0
24,2/9/26,20260209,2026-02-09,S,0,0
24,2/16/26,20260216,2026-02-16,M,0,0
24,2/16/26,20260216,2026-02-16,T,0,0
24,2/16/26,20260216,2026-02-16,W,0,0
24,2/16/26,20260216,2026-02-16,Th,0,0
24,2/16/26,20260216,2026-02-16,F,0,0
24,2/16/26,20260216,2026-02-16,Sa,0,0
24,2/16/26,20260216,2026-02-16,S,0,0
24,2/23/26,20260223,2026-02-23,M,0,0
24,2/23/26,20260223,2026-02-23,T,0,0
24,2/23/26,20260223,2026-02-23,W,0,1
24,2/23/26,20260223,2026-02-23,Th,0,0
24,2/23/26,20260223,2026-02-23,F,1,0
24,2/23/26,20260223,2026-02-23,Sa,0,0
24,2/23/26,20260223,2026-02-23,S,0,0
24,3/2/26,20260302,2026-03-02,M,0,0
24,3/2/26,20260302,2026-03-02,T,0,0
24,3/2/26,20260302,2026-03-02,W,0,0
24,3/2/26,20260302,2026-03-02,Th,0,0
24,3/2/26,20260302,2026-03-02,F,0,1
24,3/2/26,20260302,2026-03-02,Sa,0,0
24,3/2/26,20260302,2026-03-02,S,0,0
24,3/9/26,20260309,2026-03-09,M,0,0
24,3/9/26,20260309,2026-03-09,T,0,0
24,3/9/26,20260309,2026-03-09,W,0,0
24,3/9/26,20260309,2026-03-09,Th,0,0
24,3/9/26,20260309,2026-03-09,F,0,1
24,3/9/26,20260309,2026-03-09,Sa,0,0
24,3/9/26,20260309,2026-03-09,S,0,0
24,3/16/26,20260316,2026-03-16,M,0,0
24,3/16/26,20260316,2026-03-16,T,0,1
24,3/16/26,20260316,2026-03-16,W,0,0
24,3/16/26,20260316,2026-03-16,Th,0,0
24,3/16/26,20260316,2026-03-16,F,0,1
24,3/16/26,20260316,2026-03-16,Sa,0,0
24,3/16/26,20260316,2026-03-16,S,0,0
24,3/23/26,20260323,2026-03-23,M,0,0
24,3/23/26,20260323,2026-03-23,T,0,0
24,3/23/26,20260323,2026-03-23,W,0,1
24,3/23/26,20260323,2026-03-23,Th,0,0
24,3/23/26,20260323,2026-03-23,F,0,1
24,3/23/26,20260323,2026-03-23,Sa,0,0
24,3/23/26,20260323,2026-03-23,S,0,0
24,3/30/26,20260330,2026-03-30,M,0,0
24,3/30/26,20260330,2026-03-30,T,0,0
24,3/30/26,20260330,2026-03-30,W,0,0
24,3/30/26,20260330,2026-03-30,Th,0,0
24,3/30/26,20260330,2026-03-30,F,0,0
24,3/30/26,20260330,2026-03-30,Sa,0,0
24,3/30/26,20260330,2026-03-30,S,0,0
24,4/6/26,20260406,2026-04-06,M,0,0
24,4/6/26,20260406,2026-04-06,T,0,0
24,4/6/26,20260406,2026-04-06,W,0,0
24,4/6/26,20260406,2026-04-06,Th,0,0
24,4/6/26,20260406,2026-04-06,F,0,0
24,4/6/26,20260406,2026-04-06,Sa,0,0
24,4/6/26,20260406,2026-04-06,S,0,0
24,4/13/26,20260413,2026-04-13,M,0,0
24,4/13/26,20260413,2026-04-13,T,0,0
24,4/13/26,20260413,2026-04-13,W,0,0
24,4/13/26,20260413,2026-04-13,Th,0,0
24,4/13/26,20260413,2026-04-13,F,1,0
24,4/13/26,20260413,2026-04-13,Sa,0,0
24,4/13/26,20260413,2026-04-13,S,0,0
24,4/20/26,20260420,2026-04-20,M,0,0
24,4/20/26,20260420,2026-04-20,T,0,0
24,4/20/26,20260420,2026-04-20,W,0,0
24,4/20/26,20260420,2026-04-20,Th,0,0
24,4/20/26,20260420,2026-04-20,F,1,0
24,4/20/26,20260420,2026-04-20,Sa,0,0
24,4/20/26,20260420,2026-04-20,S,0,0
24,4/27/26,20260427,2026-04-27,M,0,0
24,4/27/26,20260427,2026-04-27,T,0,0
24,4/27/26,20260427,2026-04-27,W,0,0
24,4/27/26,20260427,2026-04-27,Th,0,0
24,4/27/26,20260427,2026-04-27,F,1,0
24,4/27/26,20260427,2026-04-27,Sa,0,0
24,4/27/26,20260427,2026-04-27,S,0,0
24,5/4/26,20260504,2026-05-04,M,0,0
24,5/4/26,20260504,2026-05-04,T,0,0
24,5/4/26,20260504,2026-05-04,W,1,0
24,5/4/26,20260504,2026-05-04,Th,0,0
24,5/4/26,20260504,2026-05-04,F,1,0
24,5/4/26,20260504,2026-05-04,Sa,0,0
24,5/4/26,20260504,2026-05-04,S,0,0
24,5/11/26,20260511,2026-05-11,M,0,0
24,5/11/26,20260511,2026-05-11,T,1,0
24,5/11/26,20260511,2026-05-11,W,1,0
24,5/11/26,20260511,2026-05-11,Th,0,0
24,5/11/26,20260511,2026-05-11,F,1,0
24,5/11/26,20260511,2026-05-11,Sa,0,0
24,5/11/26,20260511,2026-05-11,S,0,0
24,5/18/26,20260518,2026-05-18,M,0,0
24,5/18/26,20260518,2026-05-18,T,1,0
24,5/18/26,20260518,2026-05-18,W,0,1
24,5/18/26,20260518,2026-05-18,Th,0,0
24,5/18/26,20260518,2026-05-18,F,1,0
24,5/18/26,20260518,2026-05-18,Sa,0,0
24,5/18/26,20260518,2026-05-18,S,0,0
24,5/25/26,20260525,2026-05-25,M,0,0
24,5/25/26,20260525,2026-05-25,T,0,0
24,5/25/26,20260525,2026-05-25,W,0,0
24,5/25/26,20260525,2026-05-25,Th,1,0
24,5/25/26,20260525,2026-05-25,F,1,0
24,5/25/26,20260525,2026-05-25,Sa,0,0
24,5/25/26,20260525,2026-05-25,S,0,0
24,6/1/26,20260601,2026-06-01,M,0,0
24,6/1/26,20260601,2026-06-01,T,0,0
24,6/1/26,20260601,2026-06-01,W,1,0
24,6/1/26,20260601,2026-06-01,Th,0,0
24,6/1/26,20260601,2026-06-01,F,1,0
24,6/1/26,20260601,2026-06-01,Sa,0,0
24,6/1/26,20260601,2026-06-01,S,0,0
24,6/8/26,20260608,2026-06-08,M,0,0
24,6/8/26,20260608,2026-06-08,T,0,0
24,6/8/26,20260608,2026-06-08,W,1,0
24,6/8/26,20260608,2026-06-08,Th,0,0
24,6/8/26,20260608,2026-06-08,F,0,0
24,6/8/26,20260608,2026-06-08,Sa,0,0
24,6/8/26,20260608,2026-06-08,S,0,0
24,6/15/26,20260615,2026-06-15,M,0,0
24,6/15/26,20260615,2026-06-15,T,1,0
24,6/15/26,20260615,2026-06-15,W,0,0
24,6/15/26,20260615,2026-06-15,Th,1,0
24,6/15/26,20260615,2026-06-15,F,1,0
24,6/15/26,20260615,2026-06-15,Sa,0,0
24,6/15/26,20260615,2026-06-15,S,0,0
24,6/22/26,20260622,2026-06-22,M,0,0
24,6/22/26,20260622,2026-06-22,T,0,0
24,6/22/26,20260622,2026-06-22,W,1,0
24,6/22/26,20260622,2026-06-22,Th,0,0
24,6/22/26,20260622,2026-06-22,F,1,0
24,6/22/26,20260622,2026-06-22,Sa,0,0
24,6/22/26,20260622,2026-06-22,S,0,0
24,6/29/26,20260629,2026-06-29,M,0,0
24,6/29/26,20260629,2026-06-29,T,0,0
24,6/29/26,20260629,2026-06-29,W,0,0
24,6/29/26,20260629,2026-06-29,Th,0,0
24,6/29/26,20260629,2026-06-29,F,0,0
24,6/29/26,20260629,2026-06-29,Sa,0,0
24,6/29/26,20260629,2026-06-29,S,0,0
24,7/6/26,20260706,2026-07-06,M,1,1
24,7/6/26,20260706,2026-07-06,T,0,0
24,7/6/26,20260706,2026-07-06,W,1,0
24,7/6/26,20260706,2026-07-06,Th,1,0
24,7/6/26,20260706,2026-07-06,F,1,1
24,7/6/26,20260706,2026-07-06,Sa,0,0
24,7/6/26,20260706,2026-07-06,S,0,0
24,7/13/26,20260713,2026-07-13,M,1,0
24,7/13/26,20260713,2026-07-13,T,0,0
24,7/13/26,20260713,2026-07-13,W,0,0
24,7/13/26,20260713,2026-07-13,Th,0,0
24,7/13/26,20260713,2026-07-13,F,0,0
24,7/13/26,20260713,2026-07-13,Sa,0,1
24,7/13/26,20260713,2026-07-13,S,0,0
24,7/20/26,20260720,2026-07-20,M,1,0
24,7/20/26,20260720,2026-07-20,T,0,0
24,7/20/26,20260720,2026-07-20,W,0,0
24,7/20/26,20260720,2026-07-20,Th,0,0
24,7/20/26,20260720,2026-07-20,F,0,1
24,7/20/26,20260720,2026-07-20,Sa,0,0
24,7/20/26,20260720,2026-07-20,S,0,0
25,1/19/26,20260119,2026-01-19,M,0,0
25,1/19/26,20260119,2026-01-19,T,0,1
25,1/19/26,20260119,2026-01-19,W,1,0
25,1/19/26,20260119,2026-01-19,Th,1,1
25,1/19/26,20260119,2026-01-19,F,1,1
25,1/19/26,20260119,2026-01-19,Sa,1,0
25,1/19/26,20260119,2026-01-19,S,1,0
25,1/26/26,20260126,2026-01-26,M,1,1
25,1/26/26,20260126,2026-01-26,T,1,1
25,1/26/26,20260126,2026-01-26,W,1,0
25,1/26/26,20260126,2026-01-26,Th,0,1
25,1/26/26,20260126,2026-01-26,F,1,0
25,1/26/26,20260126,2026-01-26,Sa,0,0
25,1/26/26,20260126,2026-01-26,S,0,0
25,2/9/26,20260209,2026-02-09,M,0,0
25,2/9/26,20260209,2026-02-09,T,0,0
25,2/9/26,20260209,2026-02-09,W,0,1
25,2/9/26,20260209,2026-02-09,Th,1,0
25,2/9/26,20260209,2026-02-09,F,1,0
25,2/9/26,20260209,2026-02-09,Sa,0,0
25,2/9/26,20260209,2026-02-09,S,0,0
25,2/9/26,20260209,2026-02-09,M,0,0
25,2/9/26,20260209,2026-02-09,T,0,0
25,2/9/26,20260209,2026-02-09,W,0,1
25,2/9/26,20260209,2026-02-09,Th,1,0
25,2/9/26,20260209,2026-02-09,F,1,0
25,2/9/26,20260209,2026-02-09,Sa,0,0
25,2/9/26,20260209,2026-02-09,S,0,0
25,2/16/26,20260216,2026-02-16,M,0,1
25,2/16/26,20260216,2026-02-16,T,0,0
25,2/16/26,20260216,2026-02-16,W,0,0
25,2/16/26,20260216,2026-02-16,Th,0,0
25,2/16/26,20260216,2026-02-16,F,0,0
25,2/16/26,20260216,2026-02-16,Sa,0,0
25,2/16/26,20260216,2026-02-16,S,0,0
25,2/23/26,20260223,2026-02-23,M,1,0
25,2/23/26,20260223,2026-02-23,T,0,1
25,2/23/26,20260223,2026-02-23,W,0,0
25,2/23/26,20260223,2026-02-23,Th,0,0
25,2/23/26,20260223,2026-02-23,F,0,0
25,2/23/26,20260223,2026-02-23,Sa,0,0
25,2/23/26,20260223,2026-02-23,S,0,0
25,3/2/26,20260302,2026-03-02,M,0,1
25,3/2/26,20260302,2026-03-02,T,0,0
25,3/2/26,20260302,2026-03-02,W,0,1
25,3/2/26,20260302,2026-03-02,Th,0,1
25,3/2/26,20260302,2026-03-02,F,0,0
25,3/2/26,20260302,2026-03-02,Sa,0,0
25,3/2/26,20260302,2026-03-02,S,0,0
25,3/9/26,20260309,2026-03-09,M,0,1
25,3/9/26,20260309,2026-03-09,T,0,0
25,3/9/26,20260309,2026-03-09,W,0,1
25,3/9/26,20260309,2026-03-09,Th,0,1
25,3/9/26,20260309,2026-03-09,F,1,0
25,3/9/26,20260309,2026-03-09,Sa,0,0
25,3/9/26,20260309,2026-03-09,S,0,0
25,3/16/26,20260316,2026-03-16,M,0,1
25,3/16/26,20260316,2026-03-16,T,0,0
25,3/16/26,20260316,2026-03-16,W,0,1
25,3/16/26,20260316,2026-03-16,Th,0,0
25,3/16/26,20260316,2026-03-16,F,0,0
25,3/16/26,20260316,2026-03-16,Sa,0,0
25,3/16/26,20260316,2026-03-16,S,0,0
25,3/23/26,20260323,2026-03-23,M,0,1
25,3/23/26,20260323,2026-03-23,T,0,0
25,3/23/26,20260323,2026-03-23,W,0,0
25,3/23/26,20260323,2026-03-23,Th,0,1
25,3/23/26,20260323,2026-03-23,F,0,0
25,3/23/26,20260323,2026-03-23,Sa,0,0
25,3/23/26,20260323,2026-03-23,S,0,0
25,3/30/26,20260330,2026-03-30,M,0,0
25,3/30/26,20260330,2026-03-30,T,0,0
25,3/30/26,20260330,2026-03-30,W,1,1
25,3/30/26,20260330,2026-03-30,Th,0,0
25,3/30/26,20260330,2026-03-30,F,0,0
25,3/30/26,20260330,2026-03-30,Sa,0,0
25,3/30/26,20260330,2026-03-30,S,0,0
25,4/6/26,20260406,2026-04-06,M,0,0
25,4/6/26,20260406,2026-04-06,T,0,1
25,4/6/26,20260406,2026-04-06,W,0,0
25,4/6/26,20260406,2026-04-06,Th,0,0
25,4/6/26,20260406,2026-04-06,F,0,0
25,4/6/26,20260406,2026-04-06,Sa,0,0
25,4/6/26,20260406,2026-04-06,S,0,0
25,4/13/26,20260413,2026-04-13,M,0,0
25,4/13/26,20260413,2026-04-13,T,0,0
25,4/13/26,20260413,2026-04-13,W,0,0
25,4/13/26,20260413,2026-04-13,Th,0,0
25,4/13/26,20260413,2026-04-13,F,1,0
25,4/13/26,20260413,2026-04-13,Sa,0,0
25,4/13/26,20260413,2026-04-13,S,0,0
25,4/20/26,20260420,2026-04-20,M,0,0
25,4/20/26,20260420,2026-04-20,T,0,0
25,4/20/26,20260420,2026-04-20,W,0,0
25,4/20/26,20260420,2026-04-20,Th,0,1
25,4/20/26,20260420,2026-04-20,F,1,0
25,4/20/26,20260420,2026-04-20,Sa,0,0
25,4/20/26,20260420,2026-04-20,S,0,0
25,4/27/26,20260427,2026-04-27,M,0,0
25,4/27/26,20260427,2026-04-27,T,0,0
25,4/27/26,20260427,2026-04-27,W,1,1
25,4/27/26,20260427,2026-04-27,Th,0,1
25,4/27/26,20260427,2026-04-27,F,1,0
25,4/27/26,20260427,2026-04-27,Sa,0,0
25,4/27/26,20260427,2026-04-27,S,0,0
25,5/4/26,20260504,2026-05-04,M,0,0
25,5/4/26,20260504,2026-05-04,T,0,0
25,5/4/26,20260504,2026-05-04,W,1,0
25,5/4/26,20260504,2026-05-04,Th,0,1
25,5/4/26,20260504,2026-05-04,F,1,1
25,5/4/26,20260504,2026-05-04,Sa,0,0
25,5/4/26,20260504,2026-05-04,S,1,0
25,5/11/26,20260511,2026-05-11,M,0,0
25,5/11/26,20260511,2026-05-11,T,0,0
25,5/11/26,20260511,2026-05-11,W,1,0
25,5/11/26,20260511,2026-05-11,Th,0,0
25,5/11/26,20260511,2026-05-11,F,1,1
25,5/11/26,20260511,2026-05-11,Sa,0,0
25,5/11/26,20260511,2026-05-11,S,0,0
25,5/18/26,20260518,2026-05-18,M,0,0
25,5/18/26,20260518,2026-05-18,T,1,0
25,5/18/26,20260518,2026-05-18,W,1,0
25,5/18/26,20260518,2026-05-18,Th,0,0
25,5/18/26,20260518,2026-05-18,F,1,0
25,5/18/26,20260518,2026-05-18,Sa,0,0
25,5/18/26,20260518,2026-05-18,S,0,0
25,5/25/26,20260525,2026-05-25,M,0,0
25,5/25/26,20260525,2026-05-25,T,0,0
25,5/25/26,20260525,2026-05-25,W,1,0
25,5/25/26,20260525,2026-05-25,Th,1,0
25,5/25/26,20260525,2026-05-25,F,0,1
25,5/25/26,20260525,2026-05-25,Sa,0,0
25,5/25/26,20260525,2026-05-25,S,0,0
25,6/1/26,20260601,2026-06-01,M,1,0
25,6/1/26,20260601,2026-06-01,T,0,0
25,6/1/26,20260601,2026-06-01,W,1,0
25,6/1/26,20260601,2026-06-01,Th,0,0
25,6/1/26,20260601,2026-06-01,F,1,0
25,6/1/26,20260601,2026-06-01,Sa,0,0
25,6/1/26,20260601,2026-06-01,S,0,0
25,6/8/26,20260608,2026-06-08,M,0,0
25,6/8/26,20260608,2026-06-08,T,0,1
25,6/8/26,20260608,2026-06-08,W,0,0
25,6/8/26,20260608,2026-06-08,Th,1,0
25,6/8/26,20260608,2026-06-08,F,0,0
25,6/8/26,20260608,2026-06-08,Sa,0,0
25,6/8/26,20260608,2026-06-08,S,0,0
25,6/15/26,20260615,2026-06-15,M,0,0
25,6/15/26,20260615,2026-06-15,T,1,1
25,6/15/26,20260615,2026-06-15,W,0,0
25,6/15/26,20260615,2026-06-15,Th,1,0
25,6/15/26,20260615,2026-06-15,F,1,0
25,6/15/26,20260615,2026-06-15,Sa,0,0
25,6/15/26,20260615,2026-06-15,S,0,0
25,6/22/26,20260622,2026-06-22,M,0,0
25,6/22/26,20260622,2026-06-22,T,0,0
25,6/22/26,20260622,2026-06-22,W,1,0
25,6/22/26,20260622,2026-06-22,Th,1,1
25,6/22/26,20260622,2026-06-22,F,1,0
25,6/22/26,20260622,2026-06-22,Sa,0,0
25,6/22/26,20260622,2026-06-22,S,0,0
25,6/29/26,20260629,2026-06-29,M,0,0
25,6/29/26,20260629,2026-06-29,T,0,0
25,6/29/26,20260629,2026-06-29,W,1,0
25,6/29/26,20260629,2026-06-29,Th,1,0
25,6/29/26,20260629,2026-06-29,F,0,0
25,6/29/26,20260629,2026-06-29,Sa,0,0
25,6/29/26,20260629,2026-06-29,S,0,0
25,7/6/26,20260706,2026-07-06,M,1,0
25,7/6/26,20260706,2026-07-06,T,0,0
25,7/6/26,20260706,2026-07-06,W,0,0
25,7/6/26,20260706,2026-07-06,Th,1,0
25,7/6/26,20260706,2026-07-06,F,1,0
25,7/6/26,20260706,2026-07-06,Sa,0,0
25,7/6/26,20260706,2026-07-06,S,0,0
25,7/13/26,20260713,2026-07-13,M,1,0
25,7/13/26,20260713,2026-07-13,T,0,0
25,7/13/26,20260713,2026-07-13,W,1,0
25,7/13/26,20260713,2026-07-13,Th,0,0
25,7/13/26,20260713,2026-07-13,F,0,1
25,7/13/26,20260713,2026-07-13,Sa,0,0
25,7/13/26,20260713,2026-07-13,S,0,0
25,7/20/26,20260720,2026-07-20,M,0,0
25,7/20/26,20260720,2026-07-20,T,1,0
25,7/20/26,20260720,2026-07-20,W,0,0
25,7/20/26,20260720,2026-07-20,Th,0,0
25,7/20/26,20260720,2026-07-20,F,0,1
25,7/20/26,20260720,2026-07-20,Sa,0,0
25,7/20/26,20260720,2026-07-20,S,0,0
Dispatch,1/19/26,20260119,2026-01-19,M,0,0
Dispatch,1/19/26,20260119,2026-01-19,T,0,0
Dispatch,1/19/26,20260119,2026-01-19,W,1,1
Dispatch,1/19/26,20260119,2026-01-19,Th,1,0
Dispatch,1/19/26,20260119,2026-01-19,F,0,1
Dispatch,1/19/26,20260119,2026-01-19,Sa,0,0
Dispatch,1/19/26,20260119,2026-01-19,S,0,0
Dispatch,1/26/26,20260126,2026-01-26,M,0,0
Dispatch,1/26/26,20260126,2026-01-26,T,0,0
Dispatch,1/26/26,20260126,2026-01-26,W,1,0
Dispatch,1/26/26,20260126,2026-01-26,Th,0,0
Dispatch,1/26/26,20260126,2026-01-26,F,1,0
Dispatch,1/26/26,20260126,2026-01-26,Sa,0,0
Dispatch,1/26/26,20260126,2026-01-26,S,0,0
Dispatch,2/9/26,20260209,2026-02-09,M,0,0
Dispatch,2/9/26,20260209,2026-02-09,T,0,0
Dispatch,2/9/26,20260209,2026-02-09,W,0,0
Dispatch,2/9/26,20260209,2026-02-09,Th,1,0
Dispatch,2/9/26,20260209,2026-02-09,F,0,0
Dispatch,2/9/26,20260209,2026-02-09,Sa,0,1
Dispatch,2/9/26,20260209,2026-02-09,S,0,0
Dispatch,2/9/26,20260209,2026-02-09,M,0,0
Dispatch,2/9/26,20260209,2026-02-09,T,0,0
Dispatch,2/9/26,20260209,2026-02-09,W,0,0
Dispatch,2/9/26,20260209,2026-02-09,Th,1,0
Dispatch,2/9/26,20260209,2026-02-09,F,0,0
Dispatch,2/9/26,20260209,2026-02-09,Sa,0,1
Dispatch,2/9/26,20260209,2026-02-09,S,0,0
Dispatch,2/16/26,20260216,2026-02-16,M,0,0
Dispatch,2/16/26,20260216,2026-02-16,T,0,0
Dispatch,2/16/26,20260216,2026-02-16,W,0,0
Dispatch,2/16/26,20260216,2026-02-16,Th,0,1
Dispatch,2/16/26,20260216,2026-02-16,F,0,1
Dispatch,2/16/26,20260216,2026-02-16,Sa,0,0
Dispatch,2/16/26,20260216,2026-02-16,S,0,0
Dispatch,2/23/26,20260223,2026-02-23,M,1,0
Dispatch,2/23/26,20260223,2026-02-23,T,0,0
Dispatch,2/23/26,20260223,2026-02-23,W,1,0
Dispatch,2/23/26,20260223,2026-02-23,Th,0,1
Dispatch,2/23/26,20260223,2026-02-23,F,1,1
Dispatch,2/23/26,20260223,2026-02-23,Sa,0,0
Dispatch,2/23/26,20260223,2026-02-23,S,0,0
Dispatch,3/2/26,20260302,2026-03-02,M,0,0
Dispatch,3/2/26,20260302,2026-03-02,T,1,1
Dispatch,3/2/26,20260302,2026-03-02,W,1,0
Dispatch,3/2/26,20260302,2026-03-02,Th,1,0
Dispatch,3/2/26,20260302,2026-03-02,F,0,0
Dispatch,3/2/26,20260302,2026-03-02,Sa,0,0
Dispatch,3/2/26,20260302,2026-03-02,S,0,0
Dispatch,3/9/26,20260309,2026-03-09,M,1,0
Dispatch,3/9/26,20260309,2026-03-09,T,1,1
Dispatch,3/9/26,20260309,2026-03-09,W,0,1
Dispatch,3/9/26,20260309,2026-03-09,Th,0,1
Dispatch,3/9/26,20260309,2026-03-09,F,0,0
Dispatch,3/9/26,20260309,2026-03-09,Sa,0,0
Dispatch,3/9/26,20260309,2026-03-09,S,0,0
Dispatch,3/16/26,20260316,2026-03-16,M,0,0
Dispatch,3/16/26,20260316,2026-03-16,T,1,1
Dispatch,3/16/26,20260316,2026-03-16,W,1,0
Dispatch,3/16/26,20260316,2026-03-16,Th,1,0
Dispatch,3/16/26,20260316,2026-03-16,F,0,0
Dispatch,3/16/26,20260316,2026-03-16,Sa,0,0
Dispatch,3/16/26,20260316,2026-03-16,S,0,0
Dispatch,3/23/26,20260323,2026-03-23,M,1,0
Dispatch,3/23/26,20260323,2026-03-23,T,0,1
Dispatch,3/23/26,20260323,2026-03-23,W,0,0
Dispatch,3/23/26,20260323,2026-03-23,Th,0,0
Dispatch,3/23/26,20260323,2026-03-23,F,0,0
Dispatch,3/23/26,20260323,2026-03-23,Sa,1,0
Dispatch,3/23/26,20260323,2026-03-23,S,0,0
Dispatch,3/30/26,20260330,2026-03-30,M,1,0
Dispatch,3/30/26,20260330,2026-03-30,T,0,0
Dispatch,3/30/26,20260330,2026-03-30,W,0,0
Dispatch,3/30/26,20260330,2026-03-30,Th,0,0
Dispatch,3/30/26,20260330,2026-03-30,F,0,1
Dispatch,3/30/26,20260330,2026-03-30,Sa,0,0
Dispatch,3/30/26,20260330,2026-03-30,S,0,0
Dispatch,4/6/26,20260406,2026-04-06,M,1,0
Dispatch,4/6/26,20260406,2026-04-06,T,0,0
Dispatch,4/6/26,20260406,2026-04-06,W,0,0
Dispatch,4/6/26,20260406,2026-04-06,Th,0,0
Dispatch,4/6/26,20260406,2026-04-06,F,1,1
Dispatch,4/6/26,20260406,2026-04-06,Sa,0,0
Dispatch,4/6/26,20260406,2026-04-06,S,0,0
Dispatch,4/13/26,20260413,2026-04-13,M,0,0
Dispatch,4/13/26,20260413,2026-04-13,T,0,1
Dispatch,4/13/26,20260413,2026-04-13,W,0,0
Dispatch,4/13/26,20260413,2026-04-13,Th,1,0
Dispatch,4/13/26,20260413,2026-04-13,F,1,1
Dispatch,4/13/26,20260413,2026-04-13,Sa,0,0
Dispatch,4/13/26,20260413,2026-04-13,S,0,0
Dispatch,4/20/26,20260420,2026-04-20,M,1,1
Dispatch,4/20/26,20260420,2026-04-20,T,1,1
Dispatch,4/20/26,20260420,2026-04-20,W,1,0
Dispatch,4/20/26,20260420,2026-04-20,Th,0,0
Dispatch,4/20/26,20260420,2026-04-20,F,1,0
Dispatch,4/20/26,20260420,2026-04-20,Sa,0,0
Dispatch,4/20/26,20260420,2026-04-20,S,0,0
Dispatch,4/27/26,20260427,2026-04-27,M,1,0
Dispatch,4/27/26,20260427,2026-04-27,T,1,1
Dispatch,4/27/26,20260427,2026-04-27,W,1,1
Dispatch,4/27/26,20260427,2026-04-27,Th,1,0
Dispatch,4/27/26,20260427,2026-04-27,F,1,0
Dispatch,4/27/26,20260427,2026-04-27,Sa,0,0
Dispatch,4/27/26,20260427,2026-04-27,S,0,0
Dispatch,5/4/26,20260504,2026-05-04,M,1,0
Dispatch,5/4/26,20260504,2026-05-04,T,1,1
Dispatch,5/4/26,20260504,2026-05-04,W,1,0
Dispatch,5/4/26,20260504,2026-05-04,Th,1,1
Dispatch,5/4/26,20260504,2026-05-04,F,1,0
Dispatch,5/4/26,20260504,2026-05-04,Sa,0,0
Dispatch,5/4/26,20260504,2026-05-04,S,1,0
Dispatch,5/11/26,20260511,2026-05-11,M,0,1
Dispatch,5/11/26,20260511,2026-05-11,T,1,0
Dispatch,5/11/26,20260511,2026-05-11,W,1,1
Dispatch,5/11/26,20260511,2026-05-11,Th,1,0
Dispatch,5/11/26,20260511,2026-05-11,F,1,0
Dispatch,5/11/26,20260511,2026-05-11,Sa,0,0
Dispatch,5/11/26,20260511,2026-05-11,S,0,0
Dispatch,5/18/26,20260518,2026-05-18,M,1,1
Dispatch,5/18/26,20260518,2026-05-18,T,1,0
Dispatch,5/18/26,20260518,2026-05-18,W,1,1
Dispatch,5/18/26,20260518,2026-05-18,Th,0,1
Dispatch,5/18/26,20260518,2026-05-18,F,1,0
Dispatch,5/18/26,20260518,2026-05-18,Sa,0,0
Dispatch,5/18/26,20260518,2026-05-18,S,0,0
Dispatch,5/25/26,20260525,2026-05-25,M,1,0
Dispatch,5/25/26,20260525,2026-05-25,T,1,1
Dispatch,5/25/26,20260525,2026-05-25,W,1,0
Dispatch,5/25/26,20260525,2026-05-25,Th,1,1
Dispatch,5/25/26,20260525,2026-05-25,F,1,0
Dispatch,5/25/26,20260525,2026-05-25,Sa,0,1
Dispatch,5/25/26,20260525,2026-05-25,S,0,0
Dispatch,6/1/26,20260601,2026-06-01,M,1,0
Dispatch,6/1/26,20260601,2026-06-01,T,1,1
Dispatch,6/1/26,20260601,2026-06-01,W,1,0
Dispatch,6/1/26,20260601,2026-06-01,Th,1,0
Dispatch,6/1/26,20260601,2026-06-01,F,1,0
Dispatch,6/1/26,20260601,2026-06-01,Sa,0,0
Dispatch,6/1/26,20260601,2026-06-01,S,0,0
Dispatch,6/8/26,20260608,2026-06-08,M,0,1
Dispatch,6/8/26,20260608,2026-06-08,T,0,0
Dispatch,6/8/26,20260608,2026-06-08,W,1,1
Dispatch,6/8/26,20260608,2026-06-08,Th,1,0
Dispatch,6/8/26,20260608,2026-06-08,F,1,0
Dispatch,6/8/26,20260608,2026-06-08,Sa,0,0
Dispatch,6/8/26,20260608,2026-06-08,S,1,0
Dispatch,6/15/26,20260615,2026-06-15,M,1,0
Dispatch,6/15/26,20260615,2026-06-15,T,1,1
Dispatch,6/15/26,20260615,2026-06-15,W,1,0
Dispatch,6/15/26,20260615,2026-06-15,Th,1,0
Dispatch,6/15/26,20260615,2026-06-15,F,1,1
Dispatch,6/15/26,20260615,2026-06-15,Sa,1,0
Dispatch,6/15/26,20260615,2026-06-15,S,0,0
Dispatch,6/22/26,20260622,2026-06-22,M,1,0
Dispatch,6/22/26,20260622,2026-06-22,T,1,1
Dispatch,6/22/26,20260622,2026-06-22,W,1,1
Dispatch,6/22/26,20260622,2026-06-22,Th,1,0
Dispatch,6/22/26,20260622,2026-06-22,F,1,0
Dispatch,6/22/26,20260622,2026-06-22,Sa,0,0
Dispatch,6/22/26,20260622,2026-06-22,S,0,0
Dispatch,6/29/26,20260629,2026-06-29,M,0,0
Dispatch,6/29/26,20260629,2026-06-29,T,0,0
Dispatch,6/29/26,20260629,2026-06-29,W,1,0
Dispatch,6/29/26,20260629,2026-06-29,Th,1,0
Dispatch,6/29/26,20260629,2026-06-29,F,1,0
Dispatch,6/29/26,20260629,2026-06-29,Sa,0,0
Dispatch,6/29/26,20260629,2026-06-29,S,1,0
Dispatch,7/6/26,20260706,2026-07-06,M,0,1
Dispatch,7/6/26,20260706,2026-07-06,T,1,0
Dispatch,7/6/26,20260706,2026-07-06,W,1,0
Dispatch,7/6/26,20260706,2026-07-06,Th,1,0
Dispatch,7/6/26,20260706,2026-07-06,F,1,1
Dispatch,7/6/26,20260706,2026-07-06,Sa,0,0
Dispatch,7/6/26,20260706,2026-07-06,S,0,0
Dispatch,7/13/26,20260713,2026-07-13,M,1,1
Dispatch,7/13/26,20260713,2026-07-13,T,0,0
Dispatch,7/13/26,20260713,2026-07-13,W,1,0
Dispatch,7/13/26,20260713,2026-07-13,Th,1,1
Dispatch,7/13/26,20260713,2026-07-13,F,1,1
Dispatch,7/13/26,20260713,2026-07-13,Sa,0,0
Dispatch,7/13/26,20260713,2026-07-13,S,0,0
Dispatch,7/20/26,20260720,2026-07-20,M,1,0
Dispatch,7/20/26,20260720,2026-07-20,T,1,0
Dispatch,7/20/26,20260720,2026-07-20,W,1,1
Dispatch,7/20/26,20260720,2026-07-20,Th,1,1
Dispatch,7/20/26,20260720,2026-07-20,F,1,1
Dispatch,7/20/26,20260720,2026-07-20,Sa,0,1
Dispatch,7/20/26,20260720,2026-07-20,S,1,0
